brain_domain	computational_parameter	r	p	n	q_fdr
prior_control_value_ec_lite	mean_reg_success_z	-0.43092061483977295	0.012294994209653362	33	0.8099391706836411
prior_sensory_fc	passive_precision_inv_rmse	0.4036852612742843	0.019821409761264352	33	0.8099391706836411
prior_value_fc	passive_habituation_global_beta	-0.38222133816079523	0.02815344000487396	33	0.8099391706836411
prior_control_value_ec_lite	up_success_mean_z	-0.37819493663626774	0.029997747062357076	33	0.8099391706836411
dcm_sensory_interoceptive	passive_precision_inv_rmse	-0.3498714831887363	0.04593961205070814	33	0.9922956202952957
prior_sensory_fc	passive_sensitivity_temp_beta	0.31203513178634223	0.07708962385458926	33	0.9971803984521463
dcm_sensory_interoceptive	passive_sensitivity_temp_beta	-0.30617758790611643	0.08310787646690793	33	0.9971803984521463
prior_control_value_ec_lite	down_success_mean_z	-0.26532244423120965	0.13562424405338616	33	0.9971803984521463
prior_sensory_fc	passive_habituation_global_beta	-0.2548700077451957	0.1523078707078298	33	0.9971803984521463
prior_control_recruitment	state_dep_down_slope_expected_pain	-0.24723328710530557	0.16540257753150917	33	0.9971803984521463
prior_sensory_fc	state_dep_up_slope_expected_pain	0.2465396946445845	0.16663055498126617	33	0.9971803984521463
dcm_left_value	passive_habituation_global_beta	-0.23512176297998644	0.18778962159102988	33	0.9971803984521463
dcm_control_value_passive	passive_sensitivity_temp_beta	-0.2315749229613737	0.1947299528172919	33	0.9971803984521463
prior_value_dcm	mean_reg_success_z	0.21243093350374792	0.23527710706288366	33	0.9971803984521463
dcm_descending_affective	passive_habituation_global_beta	-0.20366928217855007	0.2556036205964407	33	0.9971803984521463
dcm_descending_affective	mean_reg_success_z	0.20144904705832556	0.26093316297711544	33	0.9971803984521463
dcm_control_value_passive	state_dep_up_slope_expected_pain	0.18783547637389175	0.29520085571008764	33	0.9971803984521463
dcm_left_value	up_success_mean_z	0.1873710854535859	0.29641809602179425	33	0.9971803984521463
dcm_descending_affective	up_success_mean_z	0.18280807490673068	0.3085479442863661	33	0.9971803984521463
prior_value_dcm	up_success_mean_z	0.17831804798825046	0.32078383673743055	33	0.9971803984521463
dcm_right_value	down_success_mean_z	0.1704993297390487	0.34279905511626024	33	0.9971803984521463
dcm_control_value_passive	down_success_mean_z	0.169231018273206	0.3464547451082589	33	0.9971803984521463
prior_descending_dcm	passive_sensitivity_temp_beta	-0.16190393441057957	0.36803262210737475	33	0.9971803984521463
prior_control_value_ec_lite	passive_habituation_global_beta	-0.16110197898169612	0.37044161864896946	33	0.9971803984521463
prior_value_fc	passive_precision_inv_rmse	0.16094753005378107	0.37090663488626285	33	0.9971803984521463
prior_descending_dcm	passive_habituation_global_beta	0.15866432202698488	0.3778210491471654	33	0.9971803984521463
dcm_bilateral_value	passive_habituation_global_beta	-0.1567633284550873	0.38363514403321985	33	0.9971803984521463
dcm_sensory_interoceptive	state_dep_up_slope_expected_pain	-0.15503681681928597	0.38896043518052503	33	0.9971803984521463
prior_control_value_ec_lite	up_down_asymmetry_z	-0.15494692945995647	0.38923885174290007	33	0.9971803984521463
prior_descending_dcm	state_dep_down_slope_expected_pain	0.15449406617929565	0.3906433001707317	33	0.9971803984521463
dcm_left_value	up_down_asymmetry_z	0.15124761031097728	0.4007968005247304	33	0.9971803984521463
prior_value_dcm	passive_precision_inv_rmse	0.14995502232997587	0.4048810047087824	33	0.9971803984521463
dcm_left_value	mean_reg_success_z	0.14933776805164167	0.4068396637267922	33	0.9971803984521463
dcm_right_value	up_down_asymmetry_z	-0.14699237288402364	0.41433085248950313	33	0.9971803984521463
prior_value_dcm	passive_habituation_global_beta	0.1428893850814353	0.4276205180983664	33	0.9971803984521463
prior_value_dcm	down_success_mean_z	0.14160553310702045	0.4318268719518254	33	0.9971803984521463
prior_sensory_fc	state_dep_down_slope_expected_pain	-0.13059467952966405	0.4688240535152986	33	0.9971803984521463
dcm_sensory_interoceptive	up_success_mean_z	-0.12638252390345217	0.4834050422343937	33	0.9971803984521463
dcm_bilateral_value	mean_reg_success_z	0.12623808765633887	0.48390914230387766	33	0.9971803984521463
prior_value_dcm	state_dep_up_slope_expected_pain	0.1247208994310001	0.48922065074465143	33	0.9971803984521463
dcm_control_value_passive	passive_precision_inv_rmse	-0.1218926194071441	0.49920124729827875	33	0.9971803984521463
prior_value_dcm	passive_sensitivity_temp_beta	-0.11965721251848327	0.507161777172465	33	0.9971803984521463
dcm_bilateral_value	down_success_mean_z	0.11703710770222728	0.5165722658913783	33	0.9971803984521463
dcm_descending_affective	down_success_mean_z	0.11603770656248877	0.5201842811343251	33	0.9971803984521463
dcm_right_value	state_dep_up_slope_expected_pain	0.10831579359862925	0.5485032856441318	33	0.9971803984521463
dcm_control_value_passive	mean_reg_success_z	0.10733762653471439	0.5521414895844529	33	0.9971803984521463
dcm_control_value_passive	passive_habituation_global_beta	0.10715421898918617	0.5528249090455778	33	0.9971803984521463
dcm_left_value	passive_precision_inv_rmse	-0.10343258825108972	0.5667770690436358	33	0.9971803984521463
dcm_sensory_interoceptive	mean_reg_success_z	-0.10260265940058834	0.5699101526761602	33	0.9971803984521463
dcm_left_value	passive_sensitivity_temp_beta	-0.10115402075618497	0.5753976743381799	33	0.9971803984521463
dcm_sensory_interoceptive	up_down_asymmetry_z	-0.09984175889426303	0.5803889814832196	33	0.9971803984521463
dcm_right_value	state_dep_down_slope_expected_pain	-0.09880143068431016	0.5843596120554475	33	0.9971803984521463
prior_control_recruitment	up_success_mean_z	-0.0982226955019892	0.5865736638194329	33	0.9971803984521463
prior_control_value_ec_lite	passive_precision_inv_rmse	-0.09758349515727001	0.5890233215693429	33	0.9971803984521463
prior_sensory_fc	down_success_mean_z	0.09650602855111745	0.5931627060283079	33	0.9971803984521463
dcm_descending_affective	passive_sensitivity_temp_beta	0.09585669844203235	0.5956633868112778	33	0.9971803984521463
dcm_control_value_passive	up_down_asymmetry_z	-0.0956493583759726	0.596462850278639	33	0.9971803984521463
dcm_sensory_interoceptive	passive_habituation_global_beta	-0.0941341388775012	0.6023192879304409	33	0.9971803984521463
prior_control_recruitment	up_down_asymmetry_z	-0.08593347662494703	0.6344326743037814	33	0.9971803984521463
dcm_descending_affective	up_down_asymmetry_z	0.08284345444671529	0.646709066732178	33	0.9971803984521463
dcm_bilateral_value	up_success_mean_z	0.08125957207560049	0.6530375780829057	33	0.9971803984521463
prior_control_recruitment	state_dep_up_slope_expected_pain	-0.07961856652203168	0.6596194509988215	33	0.9971803984521463
dcm_left_value	state_dep_down_slope_expected_pain	0.07944518495158352	0.6603163395129958	33	0.9971803984521463
prior_control_value_ec_lite	passive_sensitivity_temp_beta	-0.07939485498048965	0.6605186878980133	33	0.9971803984521463
dcm_bilateral_value	state_dep_up_slope_expected_pain	0.07288629023559215	0.6868802769274196	33	0.9971803984521463
prior_control_recruitment	mean_reg_success_z	-0.07255938787636937	0.6882142435287575	33	0.9971803984521463
prior_sensory_fc	mean_reg_success_z	0.06893458443630986	0.7030667509514712	33	0.9971803984521463
dcm_right_value	mean_reg_success_z	0.06453462888100515	0.721240765939409	33	0.9971803984521463
prior_value_dcm	up_down_asymmetry_z	0.06231500676734992	0.7304667501340746	33	0.9971803984521463
dcm_bilateral_value	passive_precision_inv_rmse	-0.06155060312869571	0.7336527144199538	33	0.9971803984521463
prior_value_fc	state_dep_down_slope_expected_pain	-0.06063907050240083	0.7374576028777978	33	0.9971803984521463
prior_control_recruitment	passive_precision_inv_rmse	-0.05801873872486097	0.7484291322538527	33	0.9971803984521463
prior_descending_dcm	up_down_asymmetry_z	-0.05443539898020808	0.7635111933339415	33	0.9971803984521463
prior_control_recruitment	passive_sensitivity_temp_beta	0.0514253839698634	0.7762466944319985	33	0.9971803984521463
prior_control_recruitment	passive_habituation_global_beta	-0.050629053410153196	0.7796257407247144	33	0.9971803984521463
prior_control_value_ec_lite	state_dep_up_slope_expected_pain	-0.04937768377123299	0.7849436261048988	33	0.9971803984521463
prior_descending_dcm	up_success_mean_z	-0.04833093872444266	0.7893992813594467	33	0.9971803984521463
prior_sensory_fc	up_down_asymmetry_z	-0.04557799397590482	0.8011486310800443	33	0.9971803984521463
dcm_right_value	up_success_mean_z	-0.04159911824286515	0.8182053567401425	33	0.9971803984521463
dcm_bilateral_value	passive_sensitivity_temp_beta	-0.03757147602862852	0.8355548312312037	33	0.9971803984521463
dcm_right_value	passive_habituation_global_beta	-0.03487731750070184	0.847203327381264	33	0.9971803984521463
dcm_sensory_interoceptive	state_dep_down_slope_expected_pain	0.033680498050986496	0.8523882601908307	33	0.9971803984521463
prior_descending_dcm	state_dep_up_slope_expected_pain	0.0329108367036295	0.8557258539890393	33	0.9971803984521463
prior_control_value_ec_lite	state_dep_down_slope_expected_pain	0.032625203529304835	0.8569651140737243	33	0.9971803984521463
dcm_right_value	passive_sensitivity_temp_beta	0.03246497258395928	0.8576604457709197	33	0.9971803984521463
prior_descending_dcm	mean_reg_success_z	-0.025236411403720207	0.88913070948538	33	0.9971803984521463
prior_value_fc	state_dep_up_slope_expected_pain	-0.023367499895848947	0.89729626811651	33	0.9971803984521463
prior_value_fc	down_success_mean_z	0.02168308484705583	0.9046646276481237	33	0.9971803984521463
prior_sensory_fc	up_success_mean_z	0.019885506899798525	0.9125366128471301	33	0.9971803984521463
prior_descending_dcm	down_success_mean_z	0.019313173569817228	0.9150447342073089	33	0.9971803984521463
dcm_control_value_passive	state_dep_down_slope_expected_pain	0.017335956435169754	0.9237154820919264	33	0.9971803984521463
dcm_left_value	down_success_mean_z	0.017000006072211707	0.9251896191628821	33	0.9971803984521463
dcm_control_value_passive	up_success_mean_z	0.016718267140599614	0.9264260670925326	33	0.9971803984521463
dcm_bilateral_value	state_dep_down_slope_expected_pain	-0.016619430885835923	0.9268598630218965	33	0.9971803984521463
dcm_sensory_interoceptive	down_success_mean_z	-0.014809253846817368	0.9348083275450798	33	0.9971803984521463
dcm_descending_affective	state_dep_down_slope_expected_pain	-0.0139815763360545	0.9384447541946789	33	0.9971803984521463
prior_value_fc	up_down_asymmetry_z	-0.013556586467879411	0.9403124391692101	33	0.9971803984521463
prior_value_fc	mean_reg_success_z	0.012631964594308584	0.9443769008551417	33	0.9971803984521463
prior_value_dcm	state_dep_down_slope_expected_pain	0.011033226616137438	0.9514078401957742	33	0.9971803984521463
dcm_descending_affective	passive_precision_inv_rmse	-0.010312179183720368	0.9545800752616177	33	0.9971803984521463
prior_descending_dcm	passive_precision_inv_rmse	0.009901379802338201	0.9563876886642757	33	0.9971803984521463
dcm_left_value	state_dep_up_slope_expected_pain	0.008243628071850731	0.9636842601115648	33	0.9971803984521463
prior_value_fc	passive_sensitivity_temp_beta	0.0069936166666032095	0.9691881124201494	33	0.9971803984521463
dcm_bilateral_value	up_down_asymmetry_z	-0.00577365714802975	0.9745609926031642	33	0.9971803984521463
dcm_descending_affective	state_dep_up_slope_expected_pain	-0.003911180023554739	0.982765652850822	33	0.9971803984521463
dcm_right_value	passive_precision_inv_rmse	-0.00356527334529156	0.9842896705947589	33	0.9971803984521463
prior_control_recruitment	down_success_mean_z	0.0013026642283545942	0.9942595218844146	33	0.9971803984521463
prior_value_fc	up_success_mean_z	0.0006398371604777815	0.9971803984521463	33	0.9971803984521463
