value	label_raw	label_clean	label_clean_lower	hemi_label	source
1	L V1 1	V1		L	<PROJECT_ROOT>/derivatives/atlases_external/atlases_for_ds000140/HCPex/HCPex-main/HCPex.1/HCPex.nii.txt
2	L V2 2	V2		L	<PROJECT_ROOT>/derivatives/atlases_external/atlases_for_ds000140/HCPex/HCPex-main/HCPex.1/HCPex.nii.txt
3	L V3 3	V3		L	<PROJECT_ROOT>/derivatives/atlases_external/atlases_for_ds000140/HCPex/HCPex-main/HCPex.1/HCPex.nii.txt
4	L V4 4	V4		L	<PROJECT_ROOT>/derivatives/atlases_external/atlases_for_ds000140/HCPex/HCPex-main/HCPex.1/HCPex.nii.txt
5	L IPS1 5	IPS1	ips1	L	<PROJECT_ROOT>/derivatives/atlases_external/atlases_for_ds000140/HCPex/HCPex-main/HCPex.1/HCPex.nii.txt
6	L V3A 6	V3A	v3a	L	<PROJECT_ROOT>/derivatives/atlases_external/atlases_for_ds000140/HCPex/HCPex-main/HCPex.1/HCPex.nii.txt
7	L V3B 7	V3B	v3b	L	<PROJECT_ROOT>/derivatives/atlases_external/atlases_for_ds000140/HCPex/HCPex-main/HCPex.1/HCPex.nii.txt
8	L V6 8	V6		L	<PROJECT_ROOT>/derivatives/atlases_external/atlases_for_ds000140/HCPex/HCPex-main/HCPex.1/HCPex.nii.txt
9	L V6A 9	V6A	v6a	L	<PROJECT_ROOT>/derivatives/atlases_external/atlases_for_ds000140/HCPex/HCPex-main/HCPex.1/HCPex.nii.txt
10	L V7 10	V7		L	<PROJECT_ROOT>/derivatives/atlases_external/atlases_for_ds000140/HCPex/HCPex-main/HCPex.1/HCPex.nii.txt
11	L FFC 11	FFC	ffc	L	<PROJECT_ROOT>/derivatives/atlases_external/atlases_for_ds000140/HCPex/HCPex-main/HCPex.1/HCPex.nii.txt
12	L PIT 12	PIT	pit	L	<PROJECT_ROOT>/derivatives/atlases_external/atlases_for_ds000140/HCPex/HCPex-main/HCPex.1/HCPex.nii.txt
13	L V8 13	V8		L	<PROJECT_ROOT>/derivatives/atlases_external/atlases_for_ds000140/HCPex/HCPex-main/HCPex.1/HCPex.nii.txt
14	L VMV1 14	VMV1	vmv1	L	<PROJECT_ROOT>/derivatives/atlases_external/atlases_for_ds000140/HCPex/HCPex-main/HCPex.1/HCPex.nii.txt
15	L VMV2 15	VMV2	vmv2	L	<PROJECT_ROOT>/derivatives/atlases_external/atlases_for_ds000140/HCPex/HCPex-main/HCPex.1/HCPex.nii.txt
16	L VMV3 16	VMV3	vmv3	L	<PROJECT_ROOT>/derivatives/atlases_external/atlases_for_ds000140/HCPex/HCPex-main/HCPex.1/HCPex.nii.txt
17	L VVC 17	VVC	vvc	L	<PROJECT_ROOT>/derivatives/atlases_external/atlases_for_ds000140/HCPex/HCPex-main/HCPex.1/HCPex.nii.txt
18	L FST 18	FST	fst	L	<PROJECT_ROOT>/derivatives/atlases_external/atlases_for_ds000140/HCPex/HCPex-main/HCPex.1/HCPex.nii.txt
19	L LO1 19	LO1	lo1	L	<PROJECT_ROOT>/derivatives/atlases_external/atlases_for_ds000140/HCPex/HCPex-main/HCPex.1/HCPex.nii.txt
20	L LO2 20	LO2	lo2	L	<PROJECT_ROOT>/derivatives/atlases_external/atlases_for_ds000140/HCPex/HCPex-main/HCPex.1/HCPex.nii.txt
21	L LO3 21	LO3	lo3	L	<PROJECT_ROOT>/derivatives/atlases_external/atlases_for_ds000140/HCPex/HCPex-main/HCPex.1/HCPex.nii.txt
22	L MST 22	MST	mst	L	<PROJECT_ROOT>/derivatives/atlases_external/atlases_for_ds000140/HCPex/HCPex-main/HCPex.1/HCPex.nii.txt
23	L MT 23	MT	mt	L	<PROJECT_ROOT>/derivatives/atlases_external/atlases_for_ds000140/HCPex/HCPex-main/HCPex.1/HCPex.nii.txt
24	L PH 24	PH	ph	L	<PROJECT_ROOT>/derivatives/atlases_external/atlases_for_ds000140/HCPex/HCPex-main/HCPex.1/HCPex.nii.txt
25	L V3CD 25	V3CD	v3cd	L	<PROJECT_ROOT>/derivatives/atlases_external/atlases_for_ds000140/HCPex/HCPex-main/HCPex.1/HCPex.nii.txt
26	L V4t 26	V4t	v4t	L	<PROJECT_ROOT>/derivatives/atlases_external/atlases_for_ds000140/HCPex/HCPex-main/HCPex.1/HCPex.nii.txt
27	L 1 27	1	1	L	<PROJECT_ROOT>/derivatives/atlases_external/atlases_for_ds000140/HCPex/HCPex-main/HCPex.1/HCPex.nii.txt
28	L 2 28	2	2	L	<PROJECT_ROOT>/derivatives/atlases_external/atlases_for_ds000140/HCPex/HCPex-main/HCPex.1/HCPex.nii.txt
29	L 3a 29	3a	3a	L	<PROJECT_ROOT>/derivatives/atlases_external/atlases_for_ds000140/HCPex/HCPex-main/HCPex.1/HCPex.nii.txt
30	L 3b 30	3b	3b	L	<PROJECT_ROOT>/derivatives/atlases_external/atlases_for_ds000140/HCPex/HCPex-main/HCPex.1/HCPex.nii.txt
31	L 4 31	4	4	L	<PROJECT_ROOT>/derivatives/atlases_external/atlases_for_ds000140/HCPex/HCPex-main/HCPex.1/HCPex.nii.txt
32	L 23c 32	23c	23c	L	<PROJECT_ROOT>/derivatives/atlases_external/atlases_for_ds000140/HCPex/HCPex-main/HCPex.1/HCPex.nii.txt
33	L 24dd 33	24dd	24dd	L	<PROJECT_ROOT>/derivatives/atlases_external/atlases_for_ds000140/HCPex/HCPex-main/HCPex.1/HCPex.nii.txt
34	L 24dv 34	24dv	24dv	L	<PROJECT_ROOT>/derivatives/atlases_external/atlases_for_ds000140/HCPex/HCPex-main/HCPex.1/HCPex.nii.txt
35	L 5L 35	5L	5l	L	<PROJECT_ROOT>/derivatives/atlases_external/atlases_for_ds000140/HCPex/HCPex-main/HCPex.1/HCPex.nii.txt
36	L 5m 36	5m	5m	L	<PROJECT_ROOT>/derivatives/atlases_external/atlases_for_ds000140/HCPex/HCPex-main/HCPex.1/HCPex.nii.txt
37	L 5mv 37	5mv	5mv	L	<PROJECT_ROOT>/derivatives/atlases_external/atlases_for_ds000140/HCPex/HCPex-main/HCPex.1/HCPex.nii.txt
38	L 6ma 38	6ma	6ma	L	<PROJECT_ROOT>/derivatives/atlases_external/atlases_for_ds000140/HCPex/HCPex-main/HCPex.1/HCPex.nii.txt
39	L 6mp 39	6mp	6mp	L	<PROJECT_ROOT>/derivatives/atlases_external/atlases_for_ds000140/HCPex/HCPex-main/HCPex.1/HCPex.nii.txt
40	L SCEF 40	SCEF	scef	L	<PROJECT_ROOT>/derivatives/atlases_external/atlases_for_ds000140/HCPex/HCPex-main/HCPex.1/HCPex.nii.txt
41	L 55b 41	55b	55b	L	<PROJECT_ROOT>/derivatives/atlases_external/atlases_for_ds000140/HCPex/HCPex-main/HCPex.1/HCPex.nii.txt
42	L 6a 42	6a	6a	L	<PROJECT_ROOT>/derivatives/atlases_external/atlases_for_ds000140/HCPex/HCPex-main/HCPex.1/HCPex.nii.txt
43	L 6d 43	6d	6d	L	<PROJECT_ROOT>/derivatives/atlases_external/atlases_for_ds000140/HCPex/HCPex-main/HCPex.1/HCPex.nii.txt
44	L 6r 44	6r	6r	L	<PROJECT_ROOT>/derivatives/atlases_external/atlases_for_ds000140/HCPex/HCPex-main/HCPex.1/HCPex.nii.txt
45	L 6v 45	6v	6v	L	<PROJECT_ROOT>/derivatives/atlases_external/atlases_for_ds000140/HCPex/HCPex-main/HCPex.1/HCPex.nii.txt
46	L FEF 46	FEF	fef	L	<PROJECT_ROOT>/derivatives/atlases_external/atlases_for_ds000140/HCPex/HCPex-main/HCPex.1/HCPex.nii.txt
47	L PEF 47	PEF	pef	L	<PROJECT_ROOT>/derivatives/atlases_external/atlases_for_ds000140/HCPex/HCPex-main/HCPex.1/HCPex.nii.txt
48	L 43 48	43	43	L	<PROJECT_ROOT>/derivatives/atlases_external/atlases_for_ds000140/HCPex/HCPex-main/HCPex.1/HCPex.nii.txt
49	L FOP1 49	FOP1	fop1	L	<PROJECT_ROOT>/derivatives/atlases_external/atlases_for_ds000140/HCPex/HCPex-main/HCPex.1/HCPex.nii.txt
50	L OP1 50	OP1	op1	L	<PROJECT_ROOT>/derivatives/atlases_external/atlases_for_ds000140/HCPex/HCPex-main/HCPex.1/HCPex.nii.txt
51	L OP2-3 51	OP2-3	op2-3	L	<PROJECT_ROOT>/derivatives/atlases_external/atlases_for_ds000140/HCPex/HCPex-main/HCPex.1/HCPex.nii.txt
52	L OP4 52	OP4	op4	L	<PROJECT_ROOT>/derivatives/atlases_external/atlases_for_ds000140/HCPex/HCPex-main/HCPex.1/HCPex.nii.txt
53	L 52 53	52	52	L	<PROJECT_ROOT>/derivatives/atlases_external/atlases_for_ds000140/HCPex/HCPex-main/HCPex.1/HCPex.nii.txt
54	L A1 54	A1	a1	L	<PROJECT_ROOT>/derivatives/atlases_external/atlases_for_ds000140/HCPex/HCPex-main/HCPex.1/HCPex.nii.txt
55	L LBelt 55	LBelt	lbelt	L	<PROJECT_ROOT>/derivatives/atlases_external/atlases_for_ds000140/HCPex/HCPex-main/HCPex.1/HCPex.nii.txt
56	L MBelt 56	MBelt	mbelt	L	<PROJECT_ROOT>/derivatives/atlases_external/atlases_for_ds000140/HCPex/HCPex-main/HCPex.1/HCPex.nii.txt
57	L PBelt 57	PBelt	pbelt	L	<PROJECT_ROOT>/derivatives/atlases_external/atlases_for_ds000140/HCPex/HCPex-main/HCPex.1/HCPex.nii.txt
58	L PFcm 58	PFcm	pfcm	L	<PROJECT_ROOT>/derivatives/atlases_external/atlases_for_ds000140/HCPex/HCPex-main/HCPex.1/HCPex.nii.txt
59	L RI 59	RI	ri	L	<PROJECT_ROOT>/derivatives/atlases_external/atlases_for_ds000140/HCPex/HCPex-main/HCPex.1/HCPex.nii.txt
60	L A4 60	A4	a4	L	<PROJECT_ROOT>/derivatives/atlases_external/atlases_for_ds000140/HCPex/HCPex-main/HCPex.1/HCPex.nii.txt
61	L A5 61	A5	a5	L	<PROJECT_ROOT>/derivatives/atlases_external/atlases_for_ds000140/HCPex/HCPex-main/HCPex.1/HCPex.nii.txt
62	L STGa 62	STGa	stga	L	<PROJECT_ROOT>/derivatives/atlases_external/atlases_for_ds000140/HCPex/HCPex-main/HCPex.1/HCPex.nii.txt
63	L STSda 63	STSda	stsda	L	<PROJECT_ROOT>/derivatives/atlases_external/atlases_for_ds000140/HCPex/HCPex-main/HCPex.1/HCPex.nii.txt
64	L STSdp 64	STSdp	stsdp	L	<PROJECT_ROOT>/derivatives/atlases_external/atlases_for_ds000140/HCPex/HCPex-main/HCPex.1/HCPex.nii.txt
65	L STSva 65	STSva	stsva	L	<PROJECT_ROOT>/derivatives/atlases_external/atlases_for_ds000140/HCPex/HCPex-main/HCPex.1/HCPex.nii.txt
66	L STSvp 66	STSvp	stsvp	L	<PROJECT_ROOT>/derivatives/atlases_external/atlases_for_ds000140/HCPex/HCPex-main/HCPex.1/HCPex.nii.txt
67	L TA2 67	TA2	ta2	L	<PROJECT_ROOT>/derivatives/atlases_external/atlases_for_ds000140/HCPex/HCPex-main/HCPex.1/HCPex.nii.txt
68	L AAIC 68	AAIC	aaic	L	<PROJECT_ROOT>/derivatives/atlases_external/atlases_for_ds000140/HCPex/HCPex-main/HCPex.1/HCPex.nii.txt
69	L AVI 69	AVI	avi	L	<PROJECT_ROOT>/derivatives/atlases_external/atlases_for_ds000140/HCPex/HCPex-main/HCPex.1/HCPex.nii.txt
70	L FOP2 70	FOP2	fop2	L	<PROJECT_ROOT>/derivatives/atlases_external/atlases_for_ds000140/HCPex/HCPex-main/HCPex.1/HCPex.nii.txt
71	L FOP3 71	FOP3	fop3	L	<PROJECT_ROOT>/derivatives/atlases_external/atlases_for_ds000140/HCPex/HCPex-main/HCPex.1/HCPex.nii.txt
72	L FOP4 72	FOP4	fop4	L	<PROJECT_ROOT>/derivatives/atlases_external/atlases_for_ds000140/HCPex/HCPex-main/HCPex.1/HCPex.nii.txt
73	L FOP5 73	FOP5	fop5	L	<PROJECT_ROOT>/derivatives/atlases_external/atlases_for_ds000140/HCPex/HCPex-main/HCPex.1/HCPex.nii.txt
74	L Ig 74	Ig	ig	L	<PROJECT_ROOT>/derivatives/atlases_external/atlases_for_ds000140/HCPex/HCPex-main/HCPex.1/HCPex.nii.txt
75	L MI 75	MI	mi	L	<PROJECT_ROOT>/derivatives/atlases_external/atlases_for_ds000140/HCPex/HCPex-main/HCPex.1/HCPex.nii.txt
76	L PI 76	PI	pi	L	<PROJECT_ROOT>/derivatives/atlases_external/atlases_for_ds000140/HCPex/HCPex-main/HCPex.1/HCPex.nii.txt
77	L Pir 77	Pir	pir	L	<PROJECT_ROOT>/derivatives/atlases_external/atlases_for_ds000140/HCPex/HCPex-main/HCPex.1/HCPex.nii.txt
78	L PoI1 78	PoI1	poi1	L	<PROJECT_ROOT>/derivatives/atlases_external/atlases_for_ds000140/HCPex/HCPex-main/HCPex.1/HCPex.nii.txt
79	L PoI2 79	PoI2	poi2	L	<PROJECT_ROOT>/derivatives/atlases_external/atlases_for_ds000140/HCPex/HCPex-main/HCPex.1/HCPex.nii.txt
80	L Hipp 80	Hipp	hipp	L	<PROJECT_ROOT>/derivatives/atlases_external/atlases_for_ds000140/HCPex/HCPex-main/HCPex.1/HCPex.nii.txt
81	L PreS 81	PreS	pres	L	<PROJECT_ROOT>/derivatives/atlases_external/atlases_for_ds000140/HCPex/HCPex-main/HCPex.1/HCPex.nii.txt
82	L EC 82	EC	ec	L	<PROJECT_ROOT>/derivatives/atlases_external/atlases_for_ds000140/HCPex/HCPex-main/HCPex.1/HCPex.nii.txt
83	L PeEc 83	PeEc	peec	L	<PROJECT_ROOT>/derivatives/atlases_external/atlases_for_ds000140/HCPex/HCPex-main/HCPex.1/HCPex.nii.txt
84	L TF 84	TF	tf	L	<PROJECT_ROOT>/derivatives/atlases_external/atlases_for_ds000140/HCPex/HCPex-main/HCPex.1/HCPex.nii.txt
85	L PHA1 85	PHA1	pha1	L	<PROJECT_ROOT>/derivatives/atlases_external/atlases_for_ds000140/HCPex/HCPex-main/HCPex.1/HCPex.nii.txt
86	L PHA2 86	PHA2	pha2	L	<PROJECT_ROOT>/derivatives/atlases_external/atlases_for_ds000140/HCPex/HCPex-main/HCPex.1/HCPex.nii.txt
87	L PHA3 87	PHA3	pha3	L	<PROJECT_ROOT>/derivatives/atlases_external/atlases_for_ds000140/HCPex/HCPex-main/HCPex.1/HCPex.nii.txt
88	L PHT 88	PHT	pht	L	<PROJECT_ROOT>/derivatives/atlases_external/atlases_for_ds000140/HCPex/HCPex-main/HCPex.1/HCPex.nii.txt
89	L TE1a 89	TE1a	te1a	L	<PROJECT_ROOT>/derivatives/atlases_external/atlases_for_ds000140/HCPex/HCPex-main/HCPex.1/HCPex.nii.txt
90	L TE1m 90	TE1m	te1m	L	<PROJECT_ROOT>/derivatives/atlases_external/atlases_for_ds000140/HCPex/HCPex-main/HCPex.1/HCPex.nii.txt
91	L TE1p 91	TE1p	te1p	L	<PROJECT_ROOT>/derivatives/atlases_external/atlases_for_ds000140/HCPex/HCPex-main/HCPex.1/HCPex.nii.txt
92	L TE2a 92	TE2a	te2a	L	<PROJECT_ROOT>/derivatives/atlases_external/atlases_for_ds000140/HCPex/HCPex-main/HCPex.1/HCPex.nii.txt
93	L TE2p 93	TE2p	te2p	L	<PROJECT_ROOT>/derivatives/atlases_external/atlases_for_ds000140/HCPex/HCPex-main/HCPex.1/HCPex.nii.txt
94	L TGd 94	TGd	tgd	L	<PROJECT_ROOT>/derivatives/atlases_external/atlases_for_ds000140/HCPex/HCPex-main/HCPex.1/HCPex.nii.txt
95	L TGv 95	TGv	tgv	L	<PROJECT_ROOT>/derivatives/atlases_external/atlases_for_ds000140/HCPex/HCPex-main/HCPex.1/HCPex.nii.txt
96	L PSL 96	PSL	psl	L	<PROJECT_ROOT>/derivatives/atlases_external/atlases_for_ds000140/HCPex/HCPex-main/HCPex.1/HCPex.nii.txt
97	L STV 97	STV	stv	L	<PROJECT_ROOT>/derivatives/atlases_external/atlases_for_ds000140/HCPex/HCPex-main/HCPex.1/HCPex.nii.txt
98	L TPOJ1 98	TPOJ1	tpoj1	L	<PROJECT_ROOT>/derivatives/atlases_external/atlases_for_ds000140/HCPex/HCPex-main/HCPex.1/HCPex.nii.txt
99	L TPOJ2 99	TPOJ2	tpoj2	L	<PROJECT_ROOT>/derivatives/atlases_external/atlases_for_ds000140/HCPex/HCPex-main/HCPex.1/HCPex.nii.txt
100	L TPOJ3 100	TPOJ3	tpoj3	L	<PROJECT_ROOT>/derivatives/atlases_external/atlases_for_ds000140/HCPex/HCPex-main/HCPex.1/HCPex.nii.txt
101	L 7AL 101	7AL	7al	L	<PROJECT_ROOT>/derivatives/atlases_external/atlases_for_ds000140/HCPex/HCPex-main/HCPex.1/HCPex.nii.txt
102	L 7Am 102	7Am	7am	L	<PROJECT_ROOT>/derivatives/atlases_external/atlases_for_ds000140/HCPex/HCPex-main/HCPex.1/HCPex.nii.txt
103	L 7PC 103	7PC	7pc	L	<PROJECT_ROOT>/derivatives/atlases_external/atlases_for_ds000140/HCPex/HCPex-main/HCPex.1/HCPex.nii.txt
104	L 7PL 104	7PL	7pl	L	<PROJECT_ROOT>/derivatives/atlases_external/atlases_for_ds000140/HCPex/HCPex-main/HCPex.1/HCPex.nii.txt
105	L 7Pm 105	7Pm	7pm	L	<PROJECT_ROOT>/derivatives/atlases_external/atlases_for_ds000140/HCPex/HCPex-main/HCPex.1/HCPex.nii.txt
106	L AIP 106	AIP	aip	L	<PROJECT_ROOT>/derivatives/atlases_external/atlases_for_ds000140/HCPex/HCPex-main/HCPex.1/HCPex.nii.txt
107	L LIPd 107	LIPd	lipd	L	<PROJECT_ROOT>/derivatives/atlases_external/atlases_for_ds000140/HCPex/HCPex-main/HCPex.1/HCPex.nii.txt
108	L LIPv 108	LIPv	lipv	L	<PROJECT_ROOT>/derivatives/atlases_external/atlases_for_ds000140/HCPex/HCPex-main/HCPex.1/HCPex.nii.txt
109	L MIP 109	MIP	mip	L	<PROJECT_ROOT>/derivatives/atlases_external/atlases_for_ds000140/HCPex/HCPex-main/HCPex.1/HCPex.nii.txt
110	L VIP 110	VIP	vip	L	<PROJECT_ROOT>/derivatives/atlases_external/atlases_for_ds000140/HCPex/HCPex-main/HCPex.1/HCPex.nii.txt
111	L IP0 111	IP0	ip0	L	<PROJECT_ROOT>/derivatives/atlases_external/atlases_for_ds000140/HCPex/HCPex-main/HCPex.1/HCPex.nii.txt
112	L IP1 112	IP1	ip1	L	<PROJECT_ROOT>/derivatives/atlases_external/atlases_for_ds000140/HCPex/HCPex-main/HCPex.1/HCPex.nii.txt
113	L IP2 113	IP2	ip2	L	<PROJECT_ROOT>/derivatives/atlases_external/atlases_for_ds000140/HCPex/HCPex-main/HCPex.1/HCPex.nii.txt
114	L PF 114	PF	pf	L	<PROJECT_ROOT>/derivatives/atlases_external/atlases_for_ds000140/HCPex/HCPex-main/HCPex.1/HCPex.nii.txt
115	L PFm 115	PFm	pfm	L	<PROJECT_ROOT>/derivatives/atlases_external/atlases_for_ds000140/HCPex/HCPex-main/HCPex.1/HCPex.nii.txt
116	L PFop 116	PFop	pfop	L	<PROJECT_ROOT>/derivatives/atlases_external/atlases_for_ds000140/HCPex/HCPex-main/HCPex.1/HCPex.nii.txt
117	L PFt 117	PFt	pft	L	<PROJECT_ROOT>/derivatives/atlases_external/atlases_for_ds000140/HCPex/HCPex-main/HCPex.1/HCPex.nii.txt
118	L PGi 118	PGi	pgi	L	<PROJECT_ROOT>/derivatives/atlases_external/atlases_for_ds000140/HCPex/HCPex-main/HCPex.1/HCPex.nii.txt
119	L PGp 119	PGp	pgp	L	<PROJECT_ROOT>/derivatives/atlases_external/atlases_for_ds000140/HCPex/HCPex-main/HCPex.1/HCPex.nii.txt
120	L PGs 120	PGs	pgs	L	<PROJECT_ROOT>/derivatives/atlases_external/atlases_for_ds000140/HCPex/HCPex-main/HCPex.1/HCPex.nii.txt
121	L 23d 121	23d	23d	L	<PROJECT_ROOT>/derivatives/atlases_external/atlases_for_ds000140/HCPex/HCPex-main/HCPex.1/HCPex.nii.txt
122	L 31a 122	31a	31a	L	<PROJECT_ROOT>/derivatives/atlases_external/atlases_for_ds000140/HCPex/HCPex-main/HCPex.1/HCPex.nii.txt
123	L 31pd 123	31pd	31pd	L	<PROJECT_ROOT>/derivatives/atlases_external/atlases_for_ds000140/HCPex/HCPex-main/HCPex.1/HCPex.nii.txt
124	L 31pv 124	31pv	31pv	L	<PROJECT_ROOT>/derivatives/atlases_external/atlases_for_ds000140/HCPex/HCPex-main/HCPex.1/HCPex.nii.txt
125	L 7m 125	7m	7m	L	<PROJECT_ROOT>/derivatives/atlases_external/atlases_for_ds000140/HCPex/HCPex-main/HCPex.1/HCPex.nii.txt
126	L d23ab 126	d23ab	d23ab	L	<PROJECT_ROOT>/derivatives/atlases_external/atlases_for_ds000140/HCPex/HCPex-main/HCPex.1/HCPex.nii.txt
127	L DVT 127	DVT	dvt	L	<PROJECT_ROOT>/derivatives/atlases_external/atlases_for_ds000140/HCPex/HCPex-main/HCPex.1/HCPex.nii.txt
128	L PCV 128	PCV	pcv	L	<PROJECT_ROOT>/derivatives/atlases_external/atlases_for_ds000140/HCPex/HCPex-main/HCPex.1/HCPex.nii.txt
129	L POS1 129	POS1	pos1	L	<PROJECT_ROOT>/derivatives/atlases_external/atlases_for_ds000140/HCPex/HCPex-main/HCPex.1/HCPex.nii.txt
130	L POS2 130	POS2	pos2	L	<PROJECT_ROOT>/derivatives/atlases_external/atlases_for_ds000140/HCPex/HCPex-main/HCPex.1/HCPex.nii.txt
131	L ProS 131	ProS	pros	L	<PROJECT_ROOT>/derivatives/atlases_external/atlases_for_ds000140/HCPex/HCPex-main/HCPex.1/HCPex.nii.txt
132	L RSC 132	RSC	rsc	L	<PROJECT_ROOT>/derivatives/atlases_external/atlases_for_ds000140/HCPex/HCPex-main/HCPex.1/HCPex.nii.txt
133	L v23ab 133	v23ab	v23ab	L	<PROJECT_ROOT>/derivatives/atlases_external/atlases_for_ds000140/HCPex/HCPex-main/HCPex.1/HCPex.nii.txt
134	L 10r 134	10r	10r	L	<PROJECT_ROOT>/derivatives/atlases_external/atlases_for_ds000140/HCPex/HCPex-main/HCPex.1/HCPex.nii.txt
135	L 10v 135	10v	10v	L	<PROJECT_ROOT>/derivatives/atlases_external/atlases_for_ds000140/HCPex/HCPex-main/HCPex.1/HCPex.nii.txt
136	L 25 136	25	25	L	<PROJECT_ROOT>/derivatives/atlases_external/atlases_for_ds000140/HCPex/HCPex-main/HCPex.1/HCPex.nii.txt
137	L 33pr 137	33pr	33pr	L	<PROJECT_ROOT>/derivatives/atlases_external/atlases_for_ds000140/HCPex/HCPex-main/HCPex.1/HCPex.nii.txt
138	L 8BM 138	8BM	8bm	L	<PROJECT_ROOT>/derivatives/atlases_external/atlases_for_ds000140/HCPex/HCPex-main/HCPex.1/HCPex.nii.txt
139	L 9m 139	9m	9m	L	<PROJECT_ROOT>/derivatives/atlases_external/atlases_for_ds000140/HCPex/HCPex-main/HCPex.1/HCPex.nii.txt
140	L a24 140	a24	a24	L	<PROJECT_ROOT>/derivatives/atlases_external/atlases_for_ds000140/HCPex/HCPex-main/HCPex.1/HCPex.nii.txt
141	L a24pr 141	a24pr	a24pr	L	<PROJECT_ROOT>/derivatives/atlases_external/atlases_for_ds000140/HCPex/HCPex-main/HCPex.1/HCPex.nii.txt
142	L a32pr 142	a32pr	a32pr	L	<PROJECT_ROOT>/derivatives/atlases_external/atlases_for_ds000140/HCPex/HCPex-main/HCPex.1/HCPex.nii.txt
143	L d32 143	d32	d32	L	<PROJECT_ROOT>/derivatives/atlases_external/atlases_for_ds000140/HCPex/HCPex-main/HCPex.1/HCPex.nii.txt
144	L p24 144	p24	p24	L	<PROJECT_ROOT>/derivatives/atlases_external/atlases_for_ds000140/HCPex/HCPex-main/HCPex.1/HCPex.nii.txt
145	L p24pr 145	p24pr	p24pr	L	<PROJECT_ROOT>/derivatives/atlases_external/atlases_for_ds000140/HCPex/HCPex-main/HCPex.1/HCPex.nii.txt
146	L p32 146	p32	p32	L	<PROJECT_ROOT>/derivatives/atlases_external/atlases_for_ds000140/HCPex/HCPex-main/HCPex.1/HCPex.nii.txt
147	L p32pr 147	p32pr	p32pr	L	<PROJECT_ROOT>/derivatives/atlases_external/atlases_for_ds000140/HCPex/HCPex-main/HCPex.1/HCPex.nii.txt
148	L pOFC 148	pOFC	pofc	L	<PROJECT_ROOT>/derivatives/atlases_external/atlases_for_ds000140/HCPex/HCPex-main/HCPex.1/HCPex.nii.txt
149	L s32 149	s32	s32	L	<PROJECT_ROOT>/derivatives/atlases_external/atlases_for_ds000140/HCPex/HCPex-main/HCPex.1/HCPex.nii.txt
150	L 10d 150	10d	10d	L	<PROJECT_ROOT>/derivatives/atlases_external/atlases_for_ds000140/HCPex/HCPex-main/HCPex.1/HCPex.nii.txt
151	L 10pp 151	10pp	10pp	L	<PROJECT_ROOT>/derivatives/atlases_external/atlases_for_ds000140/HCPex/HCPex-main/HCPex.1/HCPex.nii.txt
152	L 11l 152	11l	11l	L	<PROJECT_ROOT>/derivatives/atlases_external/atlases_for_ds000140/HCPex/HCPex-main/HCPex.1/HCPex.nii.txt
153	L 13l 153	13l	13l	L	<PROJECT_ROOT>/derivatives/atlases_external/atlases_for_ds000140/HCPex/HCPex-main/HCPex.1/HCPex.nii.txt
154	L 47m 154	47m	47m	L	<PROJECT_ROOT>/derivatives/atlases_external/atlases_for_ds000140/HCPex/HCPex-main/HCPex.1/HCPex.nii.txt
155	L 47s 155	47s	47s	L	<PROJECT_ROOT>/derivatives/atlases_external/atlases_for_ds000140/HCPex/HCPex-main/HCPex.1/HCPex.nii.txt
156	L a10p 156	a10p	a10p	L	<PROJECT_ROOT>/derivatives/atlases_external/atlases_for_ds000140/HCPex/HCPex-main/HCPex.1/HCPex.nii.txt
157	L OFC 157	OFC	ofc	L	<PROJECT_ROOT>/derivatives/atlases_external/atlases_for_ds000140/HCPex/HCPex-main/HCPex.1/HCPex.nii.txt
158	L p10p 158	p10p	p10p	L	<PROJECT_ROOT>/derivatives/atlases_external/atlases_for_ds000140/HCPex/HCPex-main/HCPex.1/HCPex.nii.txt
159	L 44 159	44	44	L	<PROJECT_ROOT>/derivatives/atlases_external/atlases_for_ds000140/HCPex/HCPex-main/HCPex.1/HCPex.nii.txt
160	L 45 160	45	45	L	<PROJECT_ROOT>/derivatives/atlases_external/atlases_for_ds000140/HCPex/HCPex-main/HCPex.1/HCPex.nii.txt
161	L 47l 161	47l	47l	L	<PROJECT_ROOT>/derivatives/atlases_external/atlases_for_ds000140/HCPex/HCPex-main/HCPex.1/HCPex.nii.txt
162	L a47r 162	a47r	a47r	L	<PROJECT_ROOT>/derivatives/atlases_external/atlases_for_ds000140/HCPex/HCPex-main/HCPex.1/HCPex.nii.txt
163	L IFJa 163	IFJa	ifja	L	<PROJECT_ROOT>/derivatives/atlases_external/atlases_for_ds000140/HCPex/HCPex-main/HCPex.1/HCPex.nii.txt
164	L IFJp 164	IFJp	ifjp	L	<PROJECT_ROOT>/derivatives/atlases_external/atlases_for_ds000140/HCPex/HCPex-main/HCPex.1/HCPex.nii.txt
165	L IFSa 165	IFSa	ifsa	L	<PROJECT_ROOT>/derivatives/atlases_external/atlases_for_ds000140/HCPex/HCPex-main/HCPex.1/HCPex.nii.txt
166	L IFSp 166	IFSp	ifsp	L	<PROJECT_ROOT>/derivatives/atlases_external/atlases_for_ds000140/HCPex/HCPex-main/HCPex.1/HCPex.nii.txt
167	L p47r 167	p47r	p47r	L	<PROJECT_ROOT>/derivatives/atlases_external/atlases_for_ds000140/HCPex/HCPex-main/HCPex.1/HCPex.nii.txt
168	L 46 168	46	46	L	<PROJECT_ROOT>/derivatives/atlases_external/atlases_for_ds000140/HCPex/HCPex-main/HCPex.1/HCPex.nii.txt
169	L 8Ad 169	8Ad	8ad	L	<PROJECT_ROOT>/derivatives/atlases_external/atlases_for_ds000140/HCPex/HCPex-main/HCPex.1/HCPex.nii.txt
170	L 8Av 170	8Av	8av	L	<PROJECT_ROOT>/derivatives/atlases_external/atlases_for_ds000140/HCPex/HCPex-main/HCPex.1/HCPex.nii.txt
171	L 8BL 171	8BL	8bl	L	<PROJECT_ROOT>/derivatives/atlases_external/atlases_for_ds000140/HCPex/HCPex-main/HCPex.1/HCPex.nii.txt
172	L 8C 172	8C	8c	L	<PROJECT_ROOT>/derivatives/atlases_external/atlases_for_ds000140/HCPex/HCPex-main/HCPex.1/HCPex.nii.txt
173	L 9-46d 173	9-46d	9-46d	L	<PROJECT_ROOT>/derivatives/atlases_external/atlases_for_ds000140/HCPex/HCPex-main/HCPex.1/HCPex.nii.txt
174	L 9a 174	9a	9a	L	<PROJECT_ROOT>/derivatives/atlases_external/atlases_for_ds000140/HCPex/HCPex-main/HCPex.1/HCPex.nii.txt
175	L 9p 175	9p	9p	L	<PROJECT_ROOT>/derivatives/atlases_external/atlases_for_ds000140/HCPex/HCPex-main/HCPex.1/HCPex.nii.txt
176	L a9-46v 176	a9-46v	a9-46v	L	<PROJECT_ROOT>/derivatives/atlases_external/atlases_for_ds000140/HCPex/HCPex-main/HCPex.1/HCPex.nii.txt
177	L i6-8 177	i6-8	i6-8	L	<PROJECT_ROOT>/derivatives/atlases_external/atlases_for_ds000140/HCPex/HCPex-main/HCPex.1/HCPex.nii.txt
178	L p9-46v 178	p9-46v	p9-46v	L	<PROJECT_ROOT>/derivatives/atlases_external/atlases_for_ds000140/HCPex/HCPex-main/HCPex.1/HCPex.nii.txt
179	L s6-8 179	s6-8	s6-8	L	<PROJECT_ROOT>/derivatives/atlases_external/atlases_for_ds000140/HCPex/HCPex-main/HCPex.1/HCPex.nii.txt
180	L SFL 180	SFL	sfl	L	<PROJECT_ROOT>/derivatives/atlases_external/atlases_for_ds000140/HCPex/HCPex-main/HCPex.1/HCPex.nii.txt
181	R V1 181	V1		R	<PROJECT_ROOT>/derivatives/atlases_external/atlases_for_ds000140/HCPex/HCPex-main/HCPex.1/HCPex.nii.txt
182	R V2 182	V2		R	<PROJECT_ROOT>/derivatives/atlases_external/atlases_for_ds000140/HCPex/HCPex-main/HCPex.1/HCPex.nii.txt
183	R V3 183	V3		R	<PROJECT_ROOT>/derivatives/atlases_external/atlases_for_ds000140/HCPex/HCPex-main/HCPex.1/HCPex.nii.txt
184	R V4 184	V4		R	<PROJECT_ROOT>/derivatives/atlases_external/atlases_for_ds000140/HCPex/HCPex-main/HCPex.1/HCPex.nii.txt
185	R IPS1 185	IPS1	ips1	R	<PROJECT_ROOT>/derivatives/atlases_external/atlases_for_ds000140/HCPex/HCPex-main/HCPex.1/HCPex.nii.txt
186	R V3A 186	V3A	v3a	R	<PROJECT_ROOT>/derivatives/atlases_external/atlases_for_ds000140/HCPex/HCPex-main/HCPex.1/HCPex.nii.txt
187	R V3B 187	V3B	v3b	R	<PROJECT_ROOT>/derivatives/atlases_external/atlases_for_ds000140/HCPex/HCPex-main/HCPex.1/HCPex.nii.txt
188	R V6 188	V6		R	<PROJECT_ROOT>/derivatives/atlases_external/atlases_for_ds000140/HCPex/HCPex-main/HCPex.1/HCPex.nii.txt
189	R V6A 189	V6A	v6a	R	<PROJECT_ROOT>/derivatives/atlases_external/atlases_for_ds000140/HCPex/HCPex-main/HCPex.1/HCPex.nii.txt
190	R V7 190	V7		R	<PROJECT_ROOT>/derivatives/atlases_external/atlases_for_ds000140/HCPex/HCPex-main/HCPex.1/HCPex.nii.txt
191	R FFC 191	FFC	ffc	R	<PROJECT_ROOT>/derivatives/atlases_external/atlases_for_ds000140/HCPex/HCPex-main/HCPex.1/HCPex.nii.txt
192	R PIT 192	PIT	pit	R	<PROJECT_ROOT>/derivatives/atlases_external/atlases_for_ds000140/HCPex/HCPex-main/HCPex.1/HCPex.nii.txt
193	R V8 193	V8		R	<PROJECT_ROOT>/derivatives/atlases_external/atlases_for_ds000140/HCPex/HCPex-main/HCPex.1/HCPex.nii.txt
194	R VMV1 194	VMV1	vmv1	R	<PROJECT_ROOT>/derivatives/atlases_external/atlases_for_ds000140/HCPex/HCPex-main/HCPex.1/HCPex.nii.txt
195	R VMV2 195	VMV2	vmv2	R	<PROJECT_ROOT>/derivatives/atlases_external/atlases_for_ds000140/HCPex/HCPex-main/HCPex.1/HCPex.nii.txt
196	R VMV3 196	VMV3	vmv3	R	<PROJECT_ROOT>/derivatives/atlases_external/atlases_for_ds000140/HCPex/HCPex-main/HCPex.1/HCPex.nii.txt
197	R VVC 197	VVC	vvc	R	<PROJECT_ROOT>/derivatives/atlases_external/atlases_for_ds000140/HCPex/HCPex-main/HCPex.1/HCPex.nii.txt
198	R FST 198	FST	fst	R	<PROJECT_ROOT>/derivatives/atlases_external/atlases_for_ds000140/HCPex/HCPex-main/HCPex.1/HCPex.nii.txt
199	R LO1 199	LO1	lo1	R	<PROJECT_ROOT>/derivatives/atlases_external/atlases_for_ds000140/HCPex/HCPex-main/HCPex.1/HCPex.nii.txt
200	R LO2 200	LO2	lo2	R	<PROJECT_ROOT>/derivatives/atlases_external/atlases_for_ds000140/HCPex/HCPex-main/HCPex.1/HCPex.nii.txt
201	R LO3 201	LO3	lo3	R	<PROJECT_ROOT>/derivatives/atlases_external/atlases_for_ds000140/HCPex/HCPex-main/HCPex.1/HCPex.nii.txt
202	R MST 202	MST	mst	R	<PROJECT_ROOT>/derivatives/atlases_external/atlases_for_ds000140/HCPex/HCPex-main/HCPex.1/HCPex.nii.txt
203	R MT 203	MT	mt	R	<PROJECT_ROOT>/derivatives/atlases_external/atlases_for_ds000140/HCPex/HCPex-main/HCPex.1/HCPex.nii.txt
204	R PH 204	PH	ph	R	<PROJECT_ROOT>/derivatives/atlases_external/atlases_for_ds000140/HCPex/HCPex-main/HCPex.1/HCPex.nii.txt
205	R V3CD 205	V3CD	v3cd	R	<PROJECT_ROOT>/derivatives/atlases_external/atlases_for_ds000140/HCPex/HCPex-main/HCPex.1/HCPex.nii.txt
206	R V4t 206	V4t	v4t	R	<PROJECT_ROOT>/derivatives/atlases_external/atlases_for_ds000140/HCPex/HCPex-main/HCPex.1/HCPex.nii.txt
207	R 1 207	1	1	R	<PROJECT_ROOT>/derivatives/atlases_external/atlases_for_ds000140/HCPex/HCPex-main/HCPex.1/HCPex.nii.txt
208	R 2 208	2	2	R	<PROJECT_ROOT>/derivatives/atlases_external/atlases_for_ds000140/HCPex/HCPex-main/HCPex.1/HCPex.nii.txt
209	R 3a 209	3a	3a	R	<PROJECT_ROOT>/derivatives/atlases_external/atlases_for_ds000140/HCPex/HCPex-main/HCPex.1/HCPex.nii.txt
210	R 3b 210	3b	3b	R	<PROJECT_ROOT>/derivatives/atlases_external/atlases_for_ds000140/HCPex/HCPex-main/HCPex.1/HCPex.nii.txt
211	R 4 211	4	4	R	<PROJECT_ROOT>/derivatives/atlases_external/atlases_for_ds000140/HCPex/HCPex-main/HCPex.1/HCPex.nii.txt
212	R 23c 212	23c	23c	R	<PROJECT_ROOT>/derivatives/atlases_external/atlases_for_ds000140/HCPex/HCPex-main/HCPex.1/HCPex.nii.txt
213	R 24dd 213	24dd	24dd	R	<PROJECT_ROOT>/derivatives/atlases_external/atlases_for_ds000140/HCPex/HCPex-main/HCPex.1/HCPex.nii.txt
214	R 24dv 214	24dv	24dv	R	<PROJECT_ROOT>/derivatives/atlases_external/atlases_for_ds000140/HCPex/HCPex-main/HCPex.1/HCPex.nii.txt
215	R 5L 215	5L	5l	R	<PROJECT_ROOT>/derivatives/atlases_external/atlases_for_ds000140/HCPex/HCPex-main/HCPex.1/HCPex.nii.txt
216	R 5m 216	5m	5m	R	<PROJECT_ROOT>/derivatives/atlases_external/atlases_for_ds000140/HCPex/HCPex-main/HCPex.1/HCPex.nii.txt
217	R 5mv 217	5mv	5mv	R	<PROJECT_ROOT>/derivatives/atlases_external/atlases_for_ds000140/HCPex/HCPex-main/HCPex.1/HCPex.nii.txt
218	R 6ma 218	6ma	6ma	R	<PROJECT_ROOT>/derivatives/atlases_external/atlases_for_ds000140/HCPex/HCPex-main/HCPex.1/HCPex.nii.txt
219	R 6mp 219	6mp	6mp	R	<PROJECT_ROOT>/derivatives/atlases_external/atlases_for_ds000140/HCPex/HCPex-main/HCPex.1/HCPex.nii.txt
220	R SCEF 220	SCEF	scef	R	<PROJECT_ROOT>/derivatives/atlases_external/atlases_for_ds000140/HCPex/HCPex-main/HCPex.1/HCPex.nii.txt
221	R 55b 221	55b	55b	R	<PROJECT_ROOT>/derivatives/atlases_external/atlases_for_ds000140/HCPex/HCPex-main/HCPex.1/HCPex.nii.txt
222	R 6a 222	6a	6a	R	<PROJECT_ROOT>/derivatives/atlases_external/atlases_for_ds000140/HCPex/HCPex-main/HCPex.1/HCPex.nii.txt
223	R 6d 223	6d	6d	R	<PROJECT_ROOT>/derivatives/atlases_external/atlases_for_ds000140/HCPex/HCPex-main/HCPex.1/HCPex.nii.txt
224	R 6r 224	6r	6r	R	<PROJECT_ROOT>/derivatives/atlases_external/atlases_for_ds000140/HCPex/HCPex-main/HCPex.1/HCPex.nii.txt
225	R 6v 225	6v	6v	R	<PROJECT_ROOT>/derivatives/atlases_external/atlases_for_ds000140/HCPex/HCPex-main/HCPex.1/HCPex.nii.txt
226	R FEF 226	FEF	fef	R	<PROJECT_ROOT>/derivatives/atlases_external/atlases_for_ds000140/HCPex/HCPex-main/HCPex.1/HCPex.nii.txt
227	R PEF 227	PEF	pef	R	<PROJECT_ROOT>/derivatives/atlases_external/atlases_for_ds000140/HCPex/HCPex-main/HCPex.1/HCPex.nii.txt
228	R 43 228	43	43	R	<PROJECT_ROOT>/derivatives/atlases_external/atlases_for_ds000140/HCPex/HCPex-main/HCPex.1/HCPex.nii.txt
229	R FOP1 229	FOP1	fop1	R	<PROJECT_ROOT>/derivatives/atlases_external/atlases_for_ds000140/HCPex/HCPex-main/HCPex.1/HCPex.nii.txt
230	R OP1 230	OP1	op1	R	<PROJECT_ROOT>/derivatives/atlases_external/atlases_for_ds000140/HCPex/HCPex-main/HCPex.1/HCPex.nii.txt
231	R OP2-3 231	OP2-3	op2-3	R	<PROJECT_ROOT>/derivatives/atlases_external/atlases_for_ds000140/HCPex/HCPex-main/HCPex.1/HCPex.nii.txt
232	R OP4 232	OP4	op4	R	<PROJECT_ROOT>/derivatives/atlases_external/atlases_for_ds000140/HCPex/HCPex-main/HCPex.1/HCPex.nii.txt
233	R 52 233	52	52	R	<PROJECT_ROOT>/derivatives/atlases_external/atlases_for_ds000140/HCPex/HCPex-main/HCPex.1/HCPex.nii.txt
234	R A1 234	A1	a1	R	<PROJECT_ROOT>/derivatives/atlases_external/atlases_for_ds000140/HCPex/HCPex-main/HCPex.1/HCPex.nii.txt
235	R LBelt 235	LBelt	lbelt	R	<PROJECT_ROOT>/derivatives/atlases_external/atlases_for_ds000140/HCPex/HCPex-main/HCPex.1/HCPex.nii.txt
236	R MBelt 236	MBelt	mbelt	R	<PROJECT_ROOT>/derivatives/atlases_external/atlases_for_ds000140/HCPex/HCPex-main/HCPex.1/HCPex.nii.txt
237	R PBelt 237	PBelt	pbelt	R	<PROJECT_ROOT>/derivatives/atlases_external/atlases_for_ds000140/HCPex/HCPex-main/HCPex.1/HCPex.nii.txt
238	R PFcm 238	PFcm	pfcm	R	<PROJECT_ROOT>/derivatives/atlases_external/atlases_for_ds000140/HCPex/HCPex-main/HCPex.1/HCPex.nii.txt
239	R RI 239	RI	ri	R	<PROJECT_ROOT>/derivatives/atlases_external/atlases_for_ds000140/HCPex/HCPex-main/HCPex.1/HCPex.nii.txt
240	R A4 240	A4	a4	R	<PROJECT_ROOT>/derivatives/atlases_external/atlases_for_ds000140/HCPex/HCPex-main/HCPex.1/HCPex.nii.txt
241	R A5 241	A5	a5	R	<PROJECT_ROOT>/derivatives/atlases_external/atlases_for_ds000140/HCPex/HCPex-main/HCPex.1/HCPex.nii.txt
242	R STGa 242	STGa	stga	R	<PROJECT_ROOT>/derivatives/atlases_external/atlases_for_ds000140/HCPex/HCPex-main/HCPex.1/HCPex.nii.txt
243	R STSda 243	STSda	stsda	R	<PROJECT_ROOT>/derivatives/atlases_external/atlases_for_ds000140/HCPex/HCPex-main/HCPex.1/HCPex.nii.txt
244	R STSdp 244	STSdp	stsdp	R	<PROJECT_ROOT>/derivatives/atlases_external/atlases_for_ds000140/HCPex/HCPex-main/HCPex.1/HCPex.nii.txt
245	R STSva 245	STSva	stsva	R	<PROJECT_ROOT>/derivatives/atlases_external/atlases_for_ds000140/HCPex/HCPex-main/HCPex.1/HCPex.nii.txt
246	R STSvp 246	STSvp	stsvp	R	<PROJECT_ROOT>/derivatives/atlases_external/atlases_for_ds000140/HCPex/HCPex-main/HCPex.1/HCPex.nii.txt
247	R TA2 247	TA2	ta2	R	<PROJECT_ROOT>/derivatives/atlases_external/atlases_for_ds000140/HCPex/HCPex-main/HCPex.1/HCPex.nii.txt
248	R AAIC 248	AAIC	aaic	R	<PROJECT_ROOT>/derivatives/atlases_external/atlases_for_ds000140/HCPex/HCPex-main/HCPex.1/HCPex.nii.txt
249	R AVI 249	AVI	avi	R	<PROJECT_ROOT>/derivatives/atlases_external/atlases_for_ds000140/HCPex/HCPex-main/HCPex.1/HCPex.nii.txt
250	R FOP2 250	FOP2	fop2	R	<PROJECT_ROOT>/derivatives/atlases_external/atlases_for_ds000140/HCPex/HCPex-main/HCPex.1/HCPex.nii.txt
251	R FOP3 251	FOP3	fop3	R	<PROJECT_ROOT>/derivatives/atlases_external/atlases_for_ds000140/HCPex/HCPex-main/HCPex.1/HCPex.nii.txt
252	R FOP4 252	FOP4	fop4	R	<PROJECT_ROOT>/derivatives/atlases_external/atlases_for_ds000140/HCPex/HCPex-main/HCPex.1/HCPex.nii.txt
253	R FOP5 253	FOP5	fop5	R	<PROJECT_ROOT>/derivatives/atlases_external/atlases_for_ds000140/HCPex/HCPex-main/HCPex.1/HCPex.nii.txt
254	R Ig 254	Ig	ig	R	<PROJECT_ROOT>/derivatives/atlases_external/atlases_for_ds000140/HCPex/HCPex-main/HCPex.1/HCPex.nii.txt
255	R MI 255	MI	mi	R	<PROJECT_ROOT>/derivatives/atlases_external/atlases_for_ds000140/HCPex/HCPex-main/HCPex.1/HCPex.nii.txt
256	R PI 256	PI	pi	R	<PROJECT_ROOT>/derivatives/atlases_external/atlases_for_ds000140/HCPex/HCPex-main/HCPex.1/HCPex.nii.txt
257	R Pir 257	Pir	pir	R	<PROJECT_ROOT>/derivatives/atlases_external/atlases_for_ds000140/HCPex/HCPex-main/HCPex.1/HCPex.nii.txt
258	R PoI1 258	PoI1	poi1	R	<PROJECT_ROOT>/derivatives/atlases_external/atlases_for_ds000140/HCPex/HCPex-main/HCPex.1/HCPex.nii.txt
259	R PoI2 259	PoI2	poi2	R	<PROJECT_ROOT>/derivatives/atlases_external/atlases_for_ds000140/HCPex/HCPex-main/HCPex.1/HCPex.nii.txt
260	R Hipp 260	Hipp	hipp	R	<PROJECT_ROOT>/derivatives/atlases_external/atlases_for_ds000140/HCPex/HCPex-main/HCPex.1/HCPex.nii.txt
261	R PreS 261	PreS	pres	R	<PROJECT_ROOT>/derivatives/atlases_external/atlases_for_ds000140/HCPex/HCPex-main/HCPex.1/HCPex.nii.txt
262	R EC 262	EC	ec	R	<PROJECT_ROOT>/derivatives/atlases_external/atlases_for_ds000140/HCPex/HCPex-main/HCPex.1/HCPex.nii.txt
263	R PeEc 263	PeEc	peec	R	<PROJECT_ROOT>/derivatives/atlases_external/atlases_for_ds000140/HCPex/HCPex-main/HCPex.1/HCPex.nii.txt
264	R TF 264	TF	tf	R	<PROJECT_ROOT>/derivatives/atlases_external/atlases_for_ds000140/HCPex/HCPex-main/HCPex.1/HCPex.nii.txt
265	R PHA1 265	PHA1	pha1	R	<PROJECT_ROOT>/derivatives/atlases_external/atlases_for_ds000140/HCPex/HCPex-main/HCPex.1/HCPex.nii.txt
266	R PHA2 266	PHA2	pha2	R	<PROJECT_ROOT>/derivatives/atlases_external/atlases_for_ds000140/HCPex/HCPex-main/HCPex.1/HCPex.nii.txt
267	R PHA3 267	PHA3	pha3	R	<PROJECT_ROOT>/derivatives/atlases_external/atlases_for_ds000140/HCPex/HCPex-main/HCPex.1/HCPex.nii.txt
268	R PHT 268	PHT	pht	R	<PROJECT_ROOT>/derivatives/atlases_external/atlases_for_ds000140/HCPex/HCPex-main/HCPex.1/HCPex.nii.txt
269	R TE1a 269	TE1a	te1a	R	<PROJECT_ROOT>/derivatives/atlases_external/atlases_for_ds000140/HCPex/HCPex-main/HCPex.1/HCPex.nii.txt
270	R TE1m 270	TE1m	te1m	R	<PROJECT_ROOT>/derivatives/atlases_external/atlases_for_ds000140/HCPex/HCPex-main/HCPex.1/HCPex.nii.txt
271	R TE1p 271	TE1p	te1p	R	<PROJECT_ROOT>/derivatives/atlases_external/atlases_for_ds000140/HCPex/HCPex-main/HCPex.1/HCPex.nii.txt
272	R TE2a 272	TE2a	te2a	R	<PROJECT_ROOT>/derivatives/atlases_external/atlases_for_ds000140/HCPex/HCPex-main/HCPex.1/HCPex.nii.txt
273	R TE2p 273	TE2p	te2p	R	<PROJECT_ROOT>/derivatives/atlases_external/atlases_for_ds000140/HCPex/HCPex-main/HCPex.1/HCPex.nii.txt
274	R TGd 274	TGd	tgd	R	<PROJECT_ROOT>/derivatives/atlases_external/atlases_for_ds000140/HCPex/HCPex-main/HCPex.1/HCPex.nii.txt
275	R TGv 275	TGv	tgv	R	<PROJECT_ROOT>/derivatives/atlases_external/atlases_for_ds000140/HCPex/HCPex-main/HCPex.1/HCPex.nii.txt
276	R PSL 276	PSL	psl	R	<PROJECT_ROOT>/derivatives/atlases_external/atlases_for_ds000140/HCPex/HCPex-main/HCPex.1/HCPex.nii.txt
277	R STV 277	STV	stv	R	<PROJECT_ROOT>/derivatives/atlases_external/atlases_for_ds000140/HCPex/HCPex-main/HCPex.1/HCPex.nii.txt
278	R TPOJ1 278	TPOJ1	tpoj1	R	<PROJECT_ROOT>/derivatives/atlases_external/atlases_for_ds000140/HCPex/HCPex-main/HCPex.1/HCPex.nii.txt
279	R TPOJ2 279	TPOJ2	tpoj2	R	<PROJECT_ROOT>/derivatives/atlases_external/atlases_for_ds000140/HCPex/HCPex-main/HCPex.1/HCPex.nii.txt
280	R TPOJ3 280	TPOJ3	tpoj3	R	<PROJECT_ROOT>/derivatives/atlases_external/atlases_for_ds000140/HCPex/HCPex-main/HCPex.1/HCPex.nii.txt
281	R 7AL 281	7AL	7al	R	<PROJECT_ROOT>/derivatives/atlases_external/atlases_for_ds000140/HCPex/HCPex-main/HCPex.1/HCPex.nii.txt
282	R 7Am 282	7Am	7am	R	<PROJECT_ROOT>/derivatives/atlases_external/atlases_for_ds000140/HCPex/HCPex-main/HCPex.1/HCPex.nii.txt
283	R 7PC 283	7PC	7pc	R	<PROJECT_ROOT>/derivatives/atlases_external/atlases_for_ds000140/HCPex/HCPex-main/HCPex.1/HCPex.nii.txt
284	R 7PL 284	7PL	7pl	R	<PROJECT_ROOT>/derivatives/atlases_external/atlases_for_ds000140/HCPex/HCPex-main/HCPex.1/HCPex.nii.txt
285	R 7Pm 285	7Pm	7pm	R	<PROJECT_ROOT>/derivatives/atlases_external/atlases_for_ds000140/HCPex/HCPex-main/HCPex.1/HCPex.nii.txt
286	R AIP 286	AIP	aip	R	<PROJECT_ROOT>/derivatives/atlases_external/atlases_for_ds000140/HCPex/HCPex-main/HCPex.1/HCPex.nii.txt
287	R LIPd 287	LIPd	lipd	R	<PROJECT_ROOT>/derivatives/atlases_external/atlases_for_ds000140/HCPex/HCPex-main/HCPex.1/HCPex.nii.txt
288	R LIPv 288	LIPv	lipv	R	<PROJECT_ROOT>/derivatives/atlases_external/atlases_for_ds000140/HCPex/HCPex-main/HCPex.1/HCPex.nii.txt
289	R MIP 289	MIP	mip	R	<PROJECT_ROOT>/derivatives/atlases_external/atlases_for_ds000140/HCPex/HCPex-main/HCPex.1/HCPex.nii.txt
290	R VIP 290	VIP	vip	R	<PROJECT_ROOT>/derivatives/atlases_external/atlases_for_ds000140/HCPex/HCPex-main/HCPex.1/HCPex.nii.txt
291	R IP0 291	IP0	ip0	R	<PROJECT_ROOT>/derivatives/atlases_external/atlases_for_ds000140/HCPex/HCPex-main/HCPex.1/HCPex.nii.txt
292	R IP1 292	IP1	ip1	R	<PROJECT_ROOT>/derivatives/atlases_external/atlases_for_ds000140/HCPex/HCPex-main/HCPex.1/HCPex.nii.txt
293	R IP2 293	IP2	ip2	R	<PROJECT_ROOT>/derivatives/atlases_external/atlases_for_ds000140/HCPex/HCPex-main/HCPex.1/HCPex.nii.txt
294	R PF 294	PF	pf	R	<PROJECT_ROOT>/derivatives/atlases_external/atlases_for_ds000140/HCPex/HCPex-main/HCPex.1/HCPex.nii.txt
295	R PFm 295	PFm	pfm	R	<PROJECT_ROOT>/derivatives/atlases_external/atlases_for_ds000140/HCPex/HCPex-main/HCPex.1/HCPex.nii.txt
296	R PFop 296	PFop	pfop	R	<PROJECT_ROOT>/derivatives/atlases_external/atlases_for_ds000140/HCPex/HCPex-main/HCPex.1/HCPex.nii.txt
297	R PFt 297	PFt	pft	R	<PROJECT_ROOT>/derivatives/atlases_external/atlases_for_ds000140/HCPex/HCPex-main/HCPex.1/HCPex.nii.txt
298	R PGi 298	PGi	pgi	R	<PROJECT_ROOT>/derivatives/atlases_external/atlases_for_ds000140/HCPex/HCPex-main/HCPex.1/HCPex.nii.txt
299	R PGp 299	PGp	pgp	R	<PROJECT_ROOT>/derivatives/atlases_external/atlases_for_ds000140/HCPex/HCPex-main/HCPex.1/HCPex.nii.txt
300	R PGs 300	PGs	pgs	R	<PROJECT_ROOT>/derivatives/atlases_external/atlases_for_ds000140/HCPex/HCPex-main/HCPex.1/HCPex.nii.txt
301	R 23d 301	23d	23d	R	<PROJECT_ROOT>/derivatives/atlases_external/atlases_for_ds000140/HCPex/HCPex-main/HCPex.1/HCPex.nii.txt
302	R 31a 302	31a	31a	R	<PROJECT_ROOT>/derivatives/atlases_external/atlases_for_ds000140/HCPex/HCPex-main/HCPex.1/HCPex.nii.txt
303	R 31pd 303	31pd	31pd	R	<PROJECT_ROOT>/derivatives/atlases_external/atlases_for_ds000140/HCPex/HCPex-main/HCPex.1/HCPex.nii.txt
304	R 31pv 304	31pv	31pv	R	<PROJECT_ROOT>/derivatives/atlases_external/atlases_for_ds000140/HCPex/HCPex-main/HCPex.1/HCPex.nii.txt
305	R 7m 305	7m	7m	R	<PROJECT_ROOT>/derivatives/atlases_external/atlases_for_ds000140/HCPex/HCPex-main/HCPex.1/HCPex.nii.txt
306	R d23ab 306	d23ab	d23ab	R	<PROJECT_ROOT>/derivatives/atlases_external/atlases_for_ds000140/HCPex/HCPex-main/HCPex.1/HCPex.nii.txt
307	R DVT 307	DVT	dvt	R	<PROJECT_ROOT>/derivatives/atlases_external/atlases_for_ds000140/HCPex/HCPex-main/HCPex.1/HCPex.nii.txt
308	R PCV 308	PCV	pcv	R	<PROJECT_ROOT>/derivatives/atlases_external/atlases_for_ds000140/HCPex/HCPex-main/HCPex.1/HCPex.nii.txt
309	R POS1 309	POS1	pos1	R	<PROJECT_ROOT>/derivatives/atlases_external/atlases_for_ds000140/HCPex/HCPex-main/HCPex.1/HCPex.nii.txt
310	R POS2 310	POS2	pos2	R	<PROJECT_ROOT>/derivatives/atlases_external/atlases_for_ds000140/HCPex/HCPex-main/HCPex.1/HCPex.nii.txt
311	R ProS 311	ProS	pros	R	<PROJECT_ROOT>/derivatives/atlases_external/atlases_for_ds000140/HCPex/HCPex-main/HCPex.1/HCPex.nii.txt
312	R RSC 312	RSC	rsc	R	<PROJECT_ROOT>/derivatives/atlases_external/atlases_for_ds000140/HCPex/HCPex-main/HCPex.1/HCPex.nii.txt
313	R v23ab 313	v23ab	v23ab	R	<PROJECT_ROOT>/derivatives/atlases_external/atlases_for_ds000140/HCPex/HCPex-main/HCPex.1/HCPex.nii.txt
314	R 10r 314	10r	10r	R	<PROJECT_ROOT>/derivatives/atlases_external/atlases_for_ds000140/HCPex/HCPex-main/HCPex.1/HCPex.nii.txt
315	R 10v 315	10v	10v	R	<PROJECT_ROOT>/derivatives/atlases_external/atlases_for_ds000140/HCPex/HCPex-main/HCPex.1/HCPex.nii.txt
316	R 25 316	25	25	R	<PROJECT_ROOT>/derivatives/atlases_external/atlases_for_ds000140/HCPex/HCPex-main/HCPex.1/HCPex.nii.txt
317	R 33pr 317	33pr	33pr	R	<PROJECT_ROOT>/derivatives/atlases_external/atlases_for_ds000140/HCPex/HCPex-main/HCPex.1/HCPex.nii.txt
318	R 8BM 318	8BM	8bm	R	<PROJECT_ROOT>/derivatives/atlases_external/atlases_for_ds000140/HCPex/HCPex-main/HCPex.1/HCPex.nii.txt
319	R 9m 319	9m	9m	R	<PROJECT_ROOT>/derivatives/atlases_external/atlases_for_ds000140/HCPex/HCPex-main/HCPex.1/HCPex.nii.txt
320	R a24 320	a24	a24	R	<PROJECT_ROOT>/derivatives/atlases_external/atlases_for_ds000140/HCPex/HCPex-main/HCPex.1/HCPex.nii.txt
321	R a24pr 321	a24pr	a24pr	R	<PROJECT_ROOT>/derivatives/atlases_external/atlases_for_ds000140/HCPex/HCPex-main/HCPex.1/HCPex.nii.txt
322	R a32pr 322	a32pr	a32pr	R	<PROJECT_ROOT>/derivatives/atlases_external/atlases_for_ds000140/HCPex/HCPex-main/HCPex.1/HCPex.nii.txt
323	R d32 323	d32	d32	R	<PROJECT_ROOT>/derivatives/atlases_external/atlases_for_ds000140/HCPex/HCPex-main/HCPex.1/HCPex.nii.txt
324	R p24 324	p24	p24	R	<PROJECT_ROOT>/derivatives/atlases_external/atlases_for_ds000140/HCPex/HCPex-main/HCPex.1/HCPex.nii.txt
325	R p24pr 325	p24pr	p24pr	R	<PROJECT_ROOT>/derivatives/atlases_external/atlases_for_ds000140/HCPex/HCPex-main/HCPex.1/HCPex.nii.txt
326	R p32 326	p32	p32	R	<PROJECT_ROOT>/derivatives/atlases_external/atlases_for_ds000140/HCPex/HCPex-main/HCPex.1/HCPex.nii.txt
327	R p32pr 327	p32pr	p32pr	R	<PROJECT_ROOT>/derivatives/atlases_external/atlases_for_ds000140/HCPex/HCPex-main/HCPex.1/HCPex.nii.txt
328	R pOFC 328	pOFC	pofc	R	<PROJECT_ROOT>/derivatives/atlases_external/atlases_for_ds000140/HCPex/HCPex-main/HCPex.1/HCPex.nii.txt
329	R s32 329	s32	s32	R	<PROJECT_ROOT>/derivatives/atlases_external/atlases_for_ds000140/HCPex/HCPex-main/HCPex.1/HCPex.nii.txt
330	R 10d 330	10d	10d	R	<PROJECT_ROOT>/derivatives/atlases_external/atlases_for_ds000140/HCPex/HCPex-main/HCPex.1/HCPex.nii.txt
331	R 10pp 331	10pp	10pp	R	<PROJECT_ROOT>/derivatives/atlases_external/atlases_for_ds000140/HCPex/HCPex-main/HCPex.1/HCPex.nii.txt
332	R 11l 332	11l	11l	R	<PROJECT_ROOT>/derivatives/atlases_external/atlases_for_ds000140/HCPex/HCPex-main/HCPex.1/HCPex.nii.txt
333	R 13l 333	13l	13l	R	<PROJECT_ROOT>/derivatives/atlases_external/atlases_for_ds000140/HCPex/HCPex-main/HCPex.1/HCPex.nii.txt
334	R 47m 334	47m	47m	R	<PROJECT_ROOT>/derivatives/atlases_external/atlases_for_ds000140/HCPex/HCPex-main/HCPex.1/HCPex.nii.txt
335	R 47s 335	47s	47s	R	<PROJECT_ROOT>/derivatives/atlases_external/atlases_for_ds000140/HCPex/HCPex-main/HCPex.1/HCPex.nii.txt
336	R a10p 336	a10p	a10p	R	<PROJECT_ROOT>/derivatives/atlases_external/atlases_for_ds000140/HCPex/HCPex-main/HCPex.1/HCPex.nii.txt
337	R OFC 337	OFC	ofc	R	<PROJECT_ROOT>/derivatives/atlases_external/atlases_for_ds000140/HCPex/HCPex-main/HCPex.1/HCPex.nii.txt
338	R p10p 338	p10p	p10p	R	<PROJECT_ROOT>/derivatives/atlases_external/atlases_for_ds000140/HCPex/HCPex-main/HCPex.1/HCPex.nii.txt
339	R 44 339	44	44	R	<PROJECT_ROOT>/derivatives/atlases_external/atlases_for_ds000140/HCPex/HCPex-main/HCPex.1/HCPex.nii.txt
340	R 45 340	45	45	R	<PROJECT_ROOT>/derivatives/atlases_external/atlases_for_ds000140/HCPex/HCPex-main/HCPex.1/HCPex.nii.txt
341	R 47l 341	47l	47l	R	<PROJECT_ROOT>/derivatives/atlases_external/atlases_for_ds000140/HCPex/HCPex-main/HCPex.1/HCPex.nii.txt
342	R a47r 342	a47r	a47r	R	<PROJECT_ROOT>/derivatives/atlases_external/atlases_for_ds000140/HCPex/HCPex-main/HCPex.1/HCPex.nii.txt
343	R IFJa 343	IFJa	ifja	R	<PROJECT_ROOT>/derivatives/atlases_external/atlases_for_ds000140/HCPex/HCPex-main/HCPex.1/HCPex.nii.txt
344	R IFJp 344	IFJp	ifjp	R	<PROJECT_ROOT>/derivatives/atlases_external/atlases_for_ds000140/HCPex/HCPex-main/HCPex.1/HCPex.nii.txt
345	R IFSa 345	IFSa	ifsa	R	<PROJECT_ROOT>/derivatives/atlases_external/atlases_for_ds000140/HCPex/HCPex-main/HCPex.1/HCPex.nii.txt
346	R IFSp 346	IFSp	ifsp	R	<PROJECT_ROOT>/derivatives/atlases_external/atlases_for_ds000140/HCPex/HCPex-main/HCPex.1/HCPex.nii.txt
347	R p47r 347	p47r	p47r	R	<PROJECT_ROOT>/derivatives/atlases_external/atlases_for_ds000140/HCPex/HCPex-main/HCPex.1/HCPex.nii.txt
348	R 46 348	46	46	R	<PROJECT_ROOT>/derivatives/atlases_external/atlases_for_ds000140/HCPex/HCPex-main/HCPex.1/HCPex.nii.txt
349	R 8Ad 349	8Ad	8ad	R	<PROJECT_ROOT>/derivatives/atlases_external/atlases_for_ds000140/HCPex/HCPex-main/HCPex.1/HCPex.nii.txt
350	R 8Av 350	8Av	8av	R	<PROJECT_ROOT>/derivatives/atlases_external/atlases_for_ds000140/HCPex/HCPex-main/HCPex.1/HCPex.nii.txt
351	R 8BL 351	8BL	8bl	R	<PROJECT_ROOT>/derivatives/atlases_external/atlases_for_ds000140/HCPex/HCPex-main/HCPex.1/HCPex.nii.txt
352	R 8C 352	8C	8c	R	<PROJECT_ROOT>/derivatives/atlases_external/atlases_for_ds000140/HCPex/HCPex-main/HCPex.1/HCPex.nii.txt
353	R 9-46d 353	9-46d	9-46d	R	<PROJECT_ROOT>/derivatives/atlases_external/atlases_for_ds000140/HCPex/HCPex-main/HCPex.1/HCPex.nii.txt
354	R 9a 354	9a	9a	R	<PROJECT_ROOT>/derivatives/atlases_external/atlases_for_ds000140/HCPex/HCPex-main/HCPex.1/HCPex.nii.txt
355	R 9p 355	9p	9p	R	<PROJECT_ROOT>/derivatives/atlases_external/atlases_for_ds000140/HCPex/HCPex-main/HCPex.1/HCPex.nii.txt
356	R a9-46v 356	a9-46v	a9-46v	R	<PROJECT_ROOT>/derivatives/atlases_external/atlases_for_ds000140/HCPex/HCPex-main/HCPex.1/HCPex.nii.txt
357	R i6-8 357	i6-8	i6-8	R	<PROJECT_ROOT>/derivatives/atlases_external/atlases_for_ds000140/HCPex/HCPex-main/HCPex.1/HCPex.nii.txt
358	R p9-46v 358	p9-46v	p9-46v	R	<PROJECT_ROOT>/derivatives/atlases_external/atlases_for_ds000140/HCPex/HCPex-main/HCPex.1/HCPex.nii.txt
359	R s6-8 359	s6-8	s6-8	R	<PROJECT_ROOT>/derivatives/atlases_external/atlases_for_ds000140/HCPex/HCPex-main/HCPex.1/HCPex.nii.txt
360	R SFL 360	SFL	sfl	R	<PROJECT_ROOT>/derivatives/atlases_external/atlases_for_ds000140/HCPex/HCPex-main/HCPex.1/HCPex.nii.txt
361	L AV 361	AV	av	L	<PROJECT_ROOT>/derivatives/atlases_external/atlases_for_ds000140/HCPex/HCPex-main/HCPex.1/HCPex.nii.txt
362	L CeM 362	CeM	cem	L	<PROJECT_ROOT>/derivatives/atlases_external/atlases_for_ds000140/HCPex/HCPex-main/HCPex.1/HCPex.nii.txt
363	L CL 363	CL	cl	L	<PROJECT_ROOT>/derivatives/atlases_external/atlases_for_ds000140/HCPex/HCPex-main/HCPex.1/HCPex.nii.txt
364	L CM 364	CM	cm	L	<PROJECT_ROOT>/derivatives/atlases_external/atlases_for_ds000140/HCPex/HCPex-main/HCPex.1/HCPex.nii.txt
365	L LD 365	LD	ld	L	<PROJECT_ROOT>/derivatives/atlases_external/atlases_for_ds000140/HCPex/HCPex-main/HCPex.1/HCPex.nii.txt
366	L LGN 366	LGN	lgn	L	<PROJECT_ROOT>/derivatives/atlases_external/atlases_for_ds000140/HCPex/HCPex-main/HCPex.1/HCPex.nii.txt
367	L LP 367	LP	lp	L	<PROJECT_ROOT>/derivatives/atlases_external/atlases_for_ds000140/HCPex/HCPex-main/HCPex.1/HCPex.nii.txt
368	L L-Sg 368	L-Sg	l-sg	L	<PROJECT_ROOT>/derivatives/atlases_external/atlases_for_ds000140/HCPex/HCPex-main/HCPex.1/HCPex.nii.txt
369	L MDl 369	MDl	mdl	L	<PROJECT_ROOT>/derivatives/atlases_external/atlases_for_ds000140/HCPex/HCPex-main/HCPex.1/HCPex.nii.txt
370	L MDm 370	MDm	mdm	L	<PROJECT_ROOT>/derivatives/atlases_external/atlases_for_ds000140/HCPex/HCPex-main/HCPex.1/HCPex.nii.txt
371	L MGN 371	MGN	mgn	L	<PROJECT_ROOT>/derivatives/atlases_external/atlases_for_ds000140/HCPex/HCPex-main/HCPex.1/HCPex.nii.txt
372	L MV(Re) 372	MV_Re	mv_re	L	<PROJECT_ROOT>/derivatives/atlases_external/atlases_for_ds000140/HCPex/HCPex-main/HCPex.1/HCPex.nii.txt
373	L Pf 373	Pf	pf	L	<PROJECT_ROOT>/derivatives/atlases_external/atlases_for_ds000140/HCPex/HCPex-main/HCPex.1/HCPex.nii.txt
374	L PuA 374	PuA	pua	L	<PROJECT_ROOT>/derivatives/atlases_external/atlases_for_ds000140/HCPex/HCPex-main/HCPex.1/HCPex.nii.txt
375	L PuI 375	PuI	pui	L	<PROJECT_ROOT>/derivatives/atlases_external/atlases_for_ds000140/HCPex/HCPex-main/HCPex.1/HCPex.nii.txt
376	L PuL 376	PuL	pul	L	<PROJECT_ROOT>/derivatives/atlases_external/atlases_for_ds000140/HCPex/HCPex-main/HCPex.1/HCPex.nii.txt
377	L PuM 377	PuM	pum	L	<PROJECT_ROOT>/derivatives/atlases_external/atlases_for_ds000140/HCPex/HCPex-main/HCPex.1/HCPex.nii.txt
378	L VA 378	VA	va	L	<PROJECT_ROOT>/derivatives/atlases_external/atlases_for_ds000140/HCPex/HCPex-main/HCPex.1/HCPex.nii.txt
379	L VLa 379	VLa	vla	L	<PROJECT_ROOT>/derivatives/atlases_external/atlases_for_ds000140/HCPex/HCPex-main/HCPex.1/HCPex.nii.txt
380	L VLp 380	VLp	vlp	L	<PROJECT_ROOT>/derivatives/atlases_external/atlases_for_ds000140/HCPex/HCPex-main/HCPex.1/HCPex.nii.txt
381	L VPL 381	VPL	vpl	L	<PROJECT_ROOT>/derivatives/atlases_external/atlases_for_ds000140/HCPex/HCPex-main/HCPex.1/HCPex.nii.txt
382	L Putam 382	Putam	putam	L	<PROJECT_ROOT>/derivatives/atlases_external/atlases_for_ds000140/HCPex/HCPex-main/HCPex.1/HCPex.nii.txt
383	L Caud 383	Caud	caud	L	<PROJECT_ROOT>/derivatives/atlases_external/atlases_for_ds000140/HCPex/HCPex-main/HCPex.1/HCPex.nii.txt
384	L NAc 384	NAc	nac	L	<PROJECT_ROOT>/derivatives/atlases_external/atlases_for_ds000140/HCPex/HCPex-main/HCPex.1/HCPex.nii.txt
385	L Gpe 385	Gpe	gpe	L	<PROJECT_ROOT>/derivatives/atlases_external/atlases_for_ds000140/HCPex/HCPex-main/HCPex.1/HCPex.nii.txt
386	L Gpi 386	Gpi	gpi	L	<PROJECT_ROOT>/derivatives/atlases_external/atlases_for_ds000140/HCPex/HCPex-main/HCPex.1/HCPex.nii.txt
387	L Amyg 387	Amyg	amyg	L	<PROJECT_ROOT>/derivatives/atlases_external/atlases_for_ds000140/HCPex/HCPex-main/HCPex.1/HCPex.nii.txt
388	L SNpc 388	SNpc	snpc	L	<PROJECT_ROOT>/derivatives/atlases_external/atlases_for_ds000140/HCPex/HCPex-main/HCPex.1/HCPex.nii.txt
389	L SNpr 389	SNpr	snpr	L	<PROJECT_ROOT>/derivatives/atlases_external/atlases_for_ds000140/HCPex/HCPex-main/HCPex.1/HCPex.nii.txt
390	L VTA 390	VTA	vta	L	<PROJECT_ROOT>/derivatives/atlases_external/atlases_for_ds000140/HCPex/HCPex-main/HCPex.1/HCPex.nii.txt
391	L MB 391	MB	mb	L	<PROJECT_ROOT>/derivatives/atlases_external/atlases_for_ds000140/HCPex/HCPex-main/HCPex.1/HCPex.nii.txt
392	L Septum 392	Septum	septum	L	<PROJECT_ROOT>/derivatives/atlases_external/atlases_for_ds000140/HCPex/HCPex-main/HCPex.1/HCPex.nii.txt
393	L Nb 393	Nb	nb	L	<PROJECT_ROOT>/derivatives/atlases_external/atlases_for_ds000140/HCPex/HCPex-main/HCPex.1/HCPex.nii.txt
394	R AV 394	AV	av	R	<PROJECT_ROOT>/derivatives/atlases_external/atlases_for_ds000140/HCPex/HCPex-main/HCPex.1/HCPex.nii.txt
395	R CeM 395	CeM	cem	R	<PROJECT_ROOT>/derivatives/atlases_external/atlases_for_ds000140/HCPex/HCPex-main/HCPex.1/HCPex.nii.txt
396	R CL 396	CL	cl	R	<PROJECT_ROOT>/derivatives/atlases_external/atlases_for_ds000140/HCPex/HCPex-main/HCPex.1/HCPex.nii.txt
397	R CM 397	CM	cm	R	<PROJECT_ROOT>/derivatives/atlases_external/atlases_for_ds000140/HCPex/HCPex-main/HCPex.1/HCPex.nii.txt
398	R LD 398	LD	ld	R	<PROJECT_ROOT>/derivatives/atlases_external/atlases_for_ds000140/HCPex/HCPex-main/HCPex.1/HCPex.nii.txt
399	R LGN 399	LGN	lgn	R	<PROJECT_ROOT>/derivatives/atlases_external/atlases_for_ds000140/HCPex/HCPex-main/HCPex.1/HCPex.nii.txt
400	R LP 400	LP	lp	R	<PROJECT_ROOT>/derivatives/atlases_external/atlases_for_ds000140/HCPex/HCPex-main/HCPex.1/HCPex.nii.txt
401	R L-Sg 401	L-Sg	l-sg	R	<PROJECT_ROOT>/derivatives/atlases_external/atlases_for_ds000140/HCPex/HCPex-main/HCPex.1/HCPex.nii.txt
402	R MDl 402	MDl	mdl	R	<PROJECT_ROOT>/derivatives/atlases_external/atlases_for_ds000140/HCPex/HCPex-main/HCPex.1/HCPex.nii.txt
403	R MDm 403	MDm	mdm	R	<PROJECT_ROOT>/derivatives/atlases_external/atlases_for_ds000140/HCPex/HCPex-main/HCPex.1/HCPex.nii.txt
404	R MGN 404	MGN	mgn	R	<PROJECT_ROOT>/derivatives/atlases_external/atlases_for_ds000140/HCPex/HCPex-main/HCPex.1/HCPex.nii.txt
405	R MV(Re) 405	MV_Re	mv_re	R	<PROJECT_ROOT>/derivatives/atlases_external/atlases_for_ds000140/HCPex/HCPex-main/HCPex.1/HCPex.nii.txt
406	R Pf 406	Pf	pf	R	<PROJECT_ROOT>/derivatives/atlases_external/atlases_for_ds000140/HCPex/HCPex-main/HCPex.1/HCPex.nii.txt
407	R PuA 407	PuA	pua	R	<PROJECT_ROOT>/derivatives/atlases_external/atlases_for_ds000140/HCPex/HCPex-main/HCPex.1/HCPex.nii.txt
408	R PuI 408	PuI	pui	R	<PROJECT_ROOT>/derivatives/atlases_external/atlases_for_ds000140/HCPex/HCPex-main/HCPex.1/HCPex.nii.txt
409	R PuL 409	PuL	pul	R	<PROJECT_ROOT>/derivatives/atlases_external/atlases_for_ds000140/HCPex/HCPex-main/HCPex.1/HCPex.nii.txt
410	R PuM 410	PuM	pum	R	<PROJECT_ROOT>/derivatives/atlases_external/atlases_for_ds000140/HCPex/HCPex-main/HCPex.1/HCPex.nii.txt
411	R VA 411	VA	va	R	<PROJECT_ROOT>/derivatives/atlases_external/atlases_for_ds000140/HCPex/HCPex-main/HCPex.1/HCPex.nii.txt
412	R VLa 412	VLa	vla	R	<PROJECT_ROOT>/derivatives/atlases_external/atlases_for_ds000140/HCPex/HCPex-main/HCPex.1/HCPex.nii.txt
413	R VLp 413	VLp	vlp	R	<PROJECT_ROOT>/derivatives/atlases_external/atlases_for_ds000140/HCPex/HCPex-main/HCPex.1/HCPex.nii.txt
414	R VPL 414	VPL	vpl	R	<PROJECT_ROOT>/derivatives/atlases_external/atlases_for_ds000140/HCPex/HCPex-main/HCPex.1/HCPex.nii.txt
415	R Putam 415	Putam	putam	R	<PROJECT_ROOT>/derivatives/atlases_external/atlases_for_ds000140/HCPex/HCPex-main/HCPex.1/HCPex.nii.txt
416	R Caud 416	Caud	caud	R	<PROJECT_ROOT>/derivatives/atlases_external/atlases_for_ds000140/HCPex/HCPex-main/HCPex.1/HCPex.nii.txt
417	R NAc 417	NAc	nac	R	<PROJECT_ROOT>/derivatives/atlases_external/atlases_for_ds000140/HCPex/HCPex-main/HCPex.1/HCPex.nii.txt
418	R Gpe 418	Gpe	gpe	R	<PROJECT_ROOT>/derivatives/atlases_external/atlases_for_ds000140/HCPex/HCPex-main/HCPex.1/HCPex.nii.txt
419	R Gpi 419	Gpi	gpi	R	<PROJECT_ROOT>/derivatives/atlases_external/atlases_for_ds000140/HCPex/HCPex-main/HCPex.1/HCPex.nii.txt
420	R Amyg 420	Amyg	amyg	R	<PROJECT_ROOT>/derivatives/atlases_external/atlases_for_ds000140/HCPex/HCPex-main/HCPex.1/HCPex.nii.txt
421	R SNpc 421	SNpc	snpc	R	<PROJECT_ROOT>/derivatives/atlases_external/atlases_for_ds000140/HCPex/HCPex-main/HCPex.1/HCPex.nii.txt
422	R SNpr 422	SNpr	snpr	R	<PROJECT_ROOT>/derivatives/atlases_external/atlases_for_ds000140/HCPex/HCPex-main/HCPex.1/HCPex.nii.txt
423	R VTA 423	VTA	vta	R	<PROJECT_ROOT>/derivatives/atlases_external/atlases_for_ds000140/HCPex/HCPex-main/HCPex.1/HCPex.nii.txt
424	R MB 424	MB	mb	R	<PROJECT_ROOT>/derivatives/atlases_external/atlases_for_ds000140/HCPex/HCPex-main/HCPex.1/HCPex.nii.txt
425	R Septum 425	Septum	septum	R	<PROJECT_ROOT>/derivatives/atlases_external/atlases_for_ds000140/HCPex/HCPex-main/HCPex.1/HCPex.nii.txt
426	R Nb 426	Nb	nb	R	<PROJECT_ROOT>/derivatives/atlases_external/atlases_for_ds000140/HCPex/HCPex-main/HCPex.1/HCPex.nii.txt
