confounds_tsv	confounds_sha256	subject	session	task	run	run_label	acq	dir	preproc_bold_candidates_n	brain_mask_candidates_n	bold_json_candidates_n	preproc_bold	brain_mask	bold_json	n_vols_confounds	fd_valid_n	fd_mean	fd_median	fd_p95	fd_max	pct_fd_gt_0p2	pct_fd_gt_0p5	pct_fd_gt_1p0	n_fd_gt_0p2	n_fd_gt_0p5	n_fd_gt_1p0	dvars_column_used	dvars_valid_n	dvars_mean	dvars_median	dvars_p95	dvars_max	n_motion6_cols	n_motion24_cols_present	n_cosine_cols	n_acompcor_cols	n_motion_outlier_cols	n_nonsteady_cols	n_global_signal_cols	n_wm_csf_cols	motion_outliers_n_cols	motion_outliers_n_sum	motion_outlier_volumes_n	motion_outlier_volumes_pct	nonsteady_outliers_n_cols	nonsteady_outliers_n_sum	nonsteady_volumes_n	nonsteady_volumes_pct	n_acompcor_assumed_for_dof	estimated_nuisance_cols_for_dof	estimated_dof_after_nuisance	n_vols_nifti	tr_from_bold_json	motion_flag	nuisance_burden_flag	file_flag	analysis_decision	decision_reason	keep_main	sensitivity_exclude_candidate
<PROJECT_ROOT>/derivatives/fmriprep/sub-01/func/sub-01_task-heatpainwithregulationandratings_run-03_desc-confounds_timeseries.tsv	afa18afc98731e1d026954d46aafc955f7fb9afbd1fef79b2adf99700f92de0c	sub-01		heatpainwithregulationandratings	3	run-03			1	2	1	<PROJECT_ROOT>/derivatives/fmriprep/sub-01/func/sub-01_task-heatpainwithregulationandratings_run-03_space-MNI152NLin2009cAsym_desc-preproc_bold.nii.gz	<PROJECT_ROOT>/derivatives/fmriprep/sub-01/func/sub-01_task-heatpainwithregulationandratings_run-03_desc-brain_mask.nii.gz	<PROJECT_ROOT>/derivatives/fmriprep/sub-01/func/sub-01_task-heatpainwithregulationandratings_run-03_space-MNI152NLin2009cAsym_desc-preproc_bold.json	191	190	0.19887665911013913	0.13460274578056394	0.5823116736999333	1.893410544255333	21.578947368421055	7.894736842105263	1.5789473684210527	41	15	3	std_dvars	190	1.368016952631579	1.1394155000000001	3.191482499999994	4.324745	6	24	4	32	42	0	4	8	42	42	42	21.98952879581152	0	0	0	0.0	5	75	115	191	2.0	WARN_FD_GT_0.5	WARN_OUTLIER_BURDEN	OK	KEEP_WITH_WARNING	WARN_FD_GT_0.5,WARN_OUTLIER_BURDEN,OK	True	False
<PROJECT_ROOT>/derivatives/fmriprep/sub-01/func/sub-01_task-heatpainwithregulationandratings_run-07_desc-confounds_timeseries.tsv	3772593a376db1fbe6962758f6a04c9b989661a942a262eb2f7a9e6b160c8c1c	sub-01		heatpainwithregulationandratings	7	run-07			1	2	1	<PROJECT_ROOT>/derivatives/fmriprep/sub-01/func/sub-01_task-heatpainwithregulationandratings_run-07_space-MNI152NLin2009cAsym_desc-preproc_bold.nii.gz	<PROJECT_ROOT>/derivatives/fmriprep/sub-01/func/sub-01_task-heatpainwithregulationandratings_run-07_desc-brain_mask.nii.gz	<PROJECT_ROOT>/derivatives/fmriprep/sub-01/func/sub-01_task-heatpainwithregulationandratings_run-07_space-MNI152NLin2009cAsym_desc-preproc_bold.json	191	190	0.13805197156170093	0.09379232630264644	0.3378113832262476	1.9603650471393927	10.526315789473683	2.631578947368421	0.5263157894736842	20	5	1	std_dvars	190	1.7061083	1.610588	2.9293312999999994	4.540195	6	24	4	43	108	0	4	8	108	108	108	56.54450261780105	0	0	0	0.0	5	141	49	191	2.0	OK	HIGH_OUTLIER_BURDEN,SEVERE_LOW_ESTIMATED_DOF	OK	KEEP_FOR_MAIN_BUT_SENSITIVITY_EXCLUDE_CANDIDATE	OK,HIGH_OUTLIER_BURDEN,SEVERE_LOW_ESTIMATED_DOF,OK	True	True
<PROJECT_ROOT>/derivatives/fmriprep/sub-02/func/sub-02_task-heatpainwithregulationandratings_run-03_desc-confounds_timeseries.tsv	f9bd929720d82473e91278e1ea1e8a3eb088bafd2ccea751dbb189a7a6713d5e	sub-02		heatpainwithregulationandratings	3	run-03			1	2	1	<PROJECT_ROOT>/derivatives/fmriprep/sub-02/func/sub-02_task-heatpainwithregulationandratings_run-03_space-MNI152NLin2009cAsym_desc-preproc_bold.nii.gz	<PROJECT_ROOT>/derivatives/fmriprep/sub-02/func/sub-02_task-heatpainwithregulationandratings_run-03_desc-brain_mask.nii.gz	<PROJECT_ROOT>/derivatives/fmriprep/sub-02/func/sub-02_task-heatpainwithregulationandratings_run-03_space-MNI152NLin2009cAsym_desc-preproc_bold.json	191	190	0.11605466550220198	0.1001153817533801	0.24059499528384468	0.395471711295933	12.105263157894736	0.0	0.0	23	0	0	std_dvars	190	1.3194298263157895	1.1102414999999999	2.634748199999998	4.120204	6	24	4	49	29	0	4	8	29	29	29	15.18324607329843	0	0	0	0.0	5	62	128	191	2.0	OK	OK	OK	KEEP	OK	True	False
<PROJECT_ROOT>/derivatives/fmriprep/sub-02/func/sub-02_task-heatpainwithregulationandratings_run-07_desc-confounds_timeseries.tsv	3792fd76ca3d023a6cd8aed826110a5ae5e059b1945297bc5a055d7ae0f528b4	sub-02		heatpainwithregulationandratings	7	run-07			1	2	1	<PROJECT_ROOT>/derivatives/fmriprep/sub-02/func/sub-02_task-heatpainwithregulationandratings_run-07_space-MNI152NLin2009cAsym_desc-preproc_bold.nii.gz	<PROJECT_ROOT>/derivatives/fmriprep/sub-02/func/sub-02_task-heatpainwithregulationandratings_run-07_desc-brain_mask.nii.gz	<PROJECT_ROOT>/derivatives/fmriprep/sub-02/func/sub-02_task-heatpainwithregulationandratings_run-07_space-MNI152NLin2009cAsym_desc-preproc_bold.json	191	190	0.26828377726084734	0.19295595271125043	0.7692139714005826	1.311965945045666	46.8421052631579	10.526315789473683	1.5789473684210527	89	20	3	std_dvars	190	1.1509980684210528	0.991461	2.3771222999999995	4.305902	6	24	4	23	28	0	4	8	28	28	28	14.659685863874344	0	0	0	0.0	5	61	129	191	2.0	WARN_FD_MEAN,BAD_FD_GT_0.5	OK	OK	KEEP_FOR_MAIN_BUT_SENSITIVITY_EXCLUDE_CANDIDATE	WARN_FD_MEAN,BAD_FD_GT_0.5,OK,OK	True	True
<PROJECT_ROOT>/derivatives/fmriprep/sub-03/func/sub-03_task-heatpainwithregulationandratings_run-03_desc-confounds_timeseries.tsv	a233d640e7df0c179ded70159cf6d25590679560d1d402b9b70db3f63c8a0ba8	sub-03		heatpainwithregulationandratings	3	run-03			1	2	1	<PROJECT_ROOT>/derivatives/fmriprep/sub-03/func/sub-03_task-heatpainwithregulationandratings_run-03_space-MNI152NLin2009cAsym_desc-preproc_bold.nii.gz	<PROJECT_ROOT>/derivatives/fmriprep/sub-03/func/sub-03_task-heatpainwithregulationandratings_run-03_desc-brain_mask.nii.gz	<PROJECT_ROOT>/derivatives/fmriprep/sub-03/func/sub-03_task-heatpainwithregulationandratings_run-03_space-MNI152NLin2009cAsym_desc-preproc_bold.json	191	190	0.13736992183957072	0.111512714327273	0.3003824983223308	0.4872820502390572	15.789473684210526	0.0	0.0	30	0	0	std_dvars	190	1.4759606684210527	1.2363795	3.1241275499999994	5.069177	6	24	4	41	43	0	4	8	43	43	43	22.5130890052356	0	0	0	0.0	5	76	114	191	2.0	OK	WARN_OUTLIER_BURDEN	OK	KEEP_WITH_WARNING	OK,WARN_OUTLIER_BURDEN,OK	True	False
<PROJECT_ROOT>/derivatives/fmriprep/sub-03/func/sub-03_task-heatpainwithregulationandratings_run-07_desc-confounds_timeseries.tsv	f3dfdfb01711d1c067f80b8737e6ff3e29687ba68561065551039b4b9b4b0578	sub-03		heatpainwithregulationandratings	7	run-07			1	2	1	<PROJECT_ROOT>/derivatives/fmriprep/sub-03/func/sub-03_task-heatpainwithregulationandratings_run-07_space-MNI152NLin2009cAsym_desc-preproc_bold.nii.gz	<PROJECT_ROOT>/derivatives/fmriprep/sub-03/func/sub-03_task-heatpainwithregulationandratings_run-07_desc-brain_mask.nii.gz	<PROJECT_ROOT>/derivatives/fmriprep/sub-03/func/sub-03_task-heatpainwithregulationandratings_run-07_space-MNI152NLin2009cAsym_desc-preproc_bold.json	191	190	0.26520911411223447	0.18062937128693168	0.7069750048159918	2.604987056837148	45.78947368421053	9.473684210526317	2.1052631578947367	87	18	4	std_dvars	190	1.2488908842105264	1.0874104999999998	2.424742449999997	4.11122	6	24	4	29	42	0	4	8	42	42	42	21.98952879581152	0	0	0	0.0	5	75	115	191	2.0	WARN_FD_MEAN,WARN_FD_GT_0.5,WARN_FD_MAX	WARN_OUTLIER_BURDEN	OK	KEEP_WITH_WARNING	WARN_FD_MEAN,WARN_FD_GT_0.5,WARN_FD_MAX,WARN_OUTLIER_BURDEN,OK	True	False
<PROJECT_ROOT>/derivatives/fmriprep/sub-04/func/sub-04_task-heatpainwithregulationandratings_run-03_desc-confounds_timeseries.tsv	863665e3ed3c01a9190bc5ce4317b781cd8a00e6bb8c10589e05b9ee1b90173f	sub-04		heatpainwithregulationandratings	3	run-03			1	2	1	<PROJECT_ROOT>/derivatives/fmriprep/sub-04/func/sub-04_task-heatpainwithregulationandratings_run-03_space-MNI152NLin2009cAsym_desc-preproc_bold.nii.gz	<PROJECT_ROOT>/derivatives/fmriprep/sub-04/func/sub-04_task-heatpainwithregulationandratings_run-03_desc-brain_mask.nii.gz	<PROJECT_ROOT>/derivatives/fmriprep/sub-04/func/sub-04_task-heatpainwithregulationandratings_run-03_space-MNI152NLin2009cAsym_desc-preproc_bold.json	191	190	0.25157696935890866	0.15913653247692705	0.7236531295646268	2.878797500834482	35.26315789473684	9.473684210526317	2.1052631578947367	67	18	4	std_dvars	190	1.3840805842105266	1.288563	2.2471455499999977	3.29007	6	24	4	41	39	0	4	8	39	39	39	20.418848167539267	0	0	0	0.0	5	72	118	191	2.0	WARN_FD_MEAN,WARN_FD_GT_0.5,WARN_FD_MAX	WARN_OUTLIER_BURDEN	OK	KEEP_WITH_WARNING	WARN_FD_MEAN,WARN_FD_GT_0.5,WARN_FD_MAX,WARN_OUTLIER_BURDEN,OK	True	False
<PROJECT_ROOT>/derivatives/fmriprep/sub-04/func/sub-04_task-heatpainwithregulationandratings_run-07_desc-confounds_timeseries.tsv	ef29ae0c0ad359c3384edfe10346d165a14af3d72f92a8dcc8b6941feb57cea3	sub-04		heatpainwithregulationandratings	7	run-07			1	2	1	<PROJECT_ROOT>/derivatives/fmriprep/sub-04/func/sub-04_task-heatpainwithregulationandratings_run-07_space-MNI152NLin2009cAsym_desc-preproc_bold.nii.gz	<PROJECT_ROOT>/derivatives/fmriprep/sub-04/func/sub-04_task-heatpainwithregulationandratings_run-07_desc-brain_mask.nii.gz	<PROJECT_ROOT>/derivatives/fmriprep/sub-04/func/sub-04_task-heatpainwithregulationandratings_run-07_space-MNI152NLin2009cAsym_desc-preproc_bold.json	191	190	0.47832772552865804	0.2363487942664301	1.6677127764250117	4.953751309570592	57.36842105263158	22.63157894736842	8.947368421052632	109	43	17	std_dvars	190	1.471224052631579	1.262778	2.8724307999999996	3.870497	6	24	4	31	67	0	4	8	67	67	67	35.07853403141361	0	0	0	0.0	5	100	90	191	2.0	BAD_FD_MEAN,BAD_FD_GT_0.5,WARN_FD_MAX	HIGH_OUTLIER_BURDEN,WARN_LOW_ESTIMATED_DOF	OK	KEEP_FOR_MAIN_BUT_SENSITIVITY_EXCLUDE_CANDIDATE	BAD_FD_MEAN,BAD_FD_GT_0.5,WARN_FD_MAX,HIGH_OUTLIER_BURDEN,WARN_LOW_ESTIMATED_DOF,OK	True	True
<PROJECT_ROOT>/derivatives/fmriprep/sub-05/func/sub-05_task-heatpainwithregulationandratings_run-03_desc-confounds_timeseries.tsv	74f8a696e3253d97785c46550168b30d8fe55507abdfb6337ff323931857f8e1	sub-05		heatpainwithregulationandratings	3	run-03			1	2	1	<PROJECT_ROOT>/derivatives/fmriprep/sub-05/func/sub-05_task-heatpainwithregulationandratings_run-03_space-MNI152NLin2009cAsym_desc-preproc_bold.nii.gz	<PROJECT_ROOT>/derivatives/fmriprep/sub-05/func/sub-05_task-heatpainwithregulationandratings_run-03_desc-brain_mask.nii.gz	<PROJECT_ROOT>/derivatives/fmriprep/sub-05/func/sub-05_task-heatpainwithregulationandratings_run-03_space-MNI152NLin2009cAsym_desc-preproc_bold.json	191	190	0.11517479746612751	0.10887731673725914	0.20831330366416267	0.2866668887592437	5.7894736842105265	0.0	0.0	11	0	0	std_dvars	190	1.5463793842105265	1.4415015000000002	2.268212149999999	5.144135	6	24	4	46	69	0	4	8	69	69	69	36.12565445026178	0	0	0	0.0	5	102	88	191	2.0	OK	HIGH_OUTLIER_BURDEN,WARN_LOW_ESTIMATED_DOF	OK	KEEP_FOR_MAIN_BUT_SENSITIVITY_EXCLUDE_CANDIDATE	OK,HIGH_OUTLIER_BURDEN,WARN_LOW_ESTIMATED_DOF,OK	True	True
<PROJECT_ROOT>/derivatives/fmriprep/sub-05/func/sub-05_task-heatpainwithregulationandratings_run-07_desc-confounds_timeseries.tsv	a75a4221d2b22956a914957906fda47cd42885e03f1fe788e63ee1a3f587225b	sub-05		heatpainwithregulationandratings	7	run-07			1	2	1	<PROJECT_ROOT>/derivatives/fmriprep/sub-05/func/sub-05_task-heatpainwithregulationandratings_run-07_space-MNI152NLin2009cAsym_desc-preproc_bold.nii.gz	<PROJECT_ROOT>/derivatives/fmriprep/sub-05/func/sub-05_task-heatpainwithregulationandratings_run-07_desc-brain_mask.nii.gz	<PROJECT_ROOT>/derivatives/fmriprep/sub-05/func/sub-05_task-heatpainwithregulationandratings_run-07_space-MNI152NLin2009cAsym_desc-preproc_bold.json	191	190	0.12767399634712423	0.12105241716860225	0.23384109904595718	0.3506820706637847	10.0	0.0	0.0	19	0	0	std_dvars	190	1.383144384210526	1.1661015	2.9138595999999968	4.182257	6	24	4	53	38	0	4	8	38	38	38	19.895287958115183	0	0	0	0.0	5	71	119	191	2.0	OK	OK	OK	KEEP	OK	True	False
<PROJECT_ROOT>/derivatives/fmriprep/sub-06/func/sub-06_task-heatpainwithregulationandratings_run-03_desc-confounds_timeseries.tsv	060e88da958008a925b51fb00a06822545043ae9e30fbf72adbbb8f8a637e57b	sub-06		heatpainwithregulationandratings	3	run-03			1	2	1	<PROJECT_ROOT>/derivatives/fmriprep/sub-06/func/sub-06_task-heatpainwithregulationandratings_run-03_space-MNI152NLin2009cAsym_desc-preproc_bold.nii.gz	<PROJECT_ROOT>/derivatives/fmriprep/sub-06/func/sub-06_task-heatpainwithregulationandratings_run-03_desc-brain_mask.nii.gz	<PROJECT_ROOT>/derivatives/fmriprep/sub-06/func/sub-06_task-heatpainwithregulationandratings_run-03_space-MNI152NLin2009cAsym_desc-preproc_bold.json	191	190	0.2288872961586764	0.21040988529987276	0.43028294835790304	1.9288080117373287	55.78947368421052	2.1052631578947367	0.5263157894736842	106	4	1	std_dvars	190	1.268325994736842	1.0597085	2.8564310499999994	4.33174	6	24	4	26	35	0	4	8	35	35	35	18.32460732984293	0	0	0	0.0	5	68	122	191	2.0	WARN_FD_MEAN	OK	OK	KEEP_WITH_WARNING	WARN_FD_MEAN,OK,OK	True	False
<PROJECT_ROOT>/derivatives/fmriprep/sub-06/func/sub-06_task-heatpainwithregulationandratings_run-07_desc-confounds_timeseries.tsv	6230c36f91d97b3d553ef665f9477e0e880b87b334bbc86c8edfb4e2934ff78f	sub-06		heatpainwithregulationandratings	7	run-07			1	2	1	<PROJECT_ROOT>/derivatives/fmriprep/sub-06/func/sub-06_task-heatpainwithregulationandratings_run-07_space-MNI152NLin2009cAsym_desc-preproc_bold.nii.gz	<PROJECT_ROOT>/derivatives/fmriprep/sub-06/func/sub-06_task-heatpainwithregulationandratings_run-07_desc-brain_mask.nii.gz	<PROJECT_ROOT>/derivatives/fmriprep/sub-06/func/sub-06_task-heatpainwithregulationandratings_run-07_space-MNI152NLin2009cAsym_desc-preproc_bold.json	191	190	0.30031954883251716	0.2352228955422678	0.6377272845266202	2.959033308957887	64.21052631578948	6.315789473684211	2.1052631578947367	122	12	4	std_dvars	190	1.313974210526316	1.1545614999999998	2.3743581999999983	3.77416	6	24	4	26	49	0	4	8	49	49	49	25.654450261780106	0	0	0	0.0	5	82	108	191	2.0	BAD_FD_MEAN,WARN_FD_GT_0.5,WARN_FD_MAX	WARN_OUTLIER_BURDEN	OK	KEEP_FOR_MAIN_BUT_SENSITIVITY_EXCLUDE_CANDIDATE	BAD_FD_MEAN,WARN_FD_GT_0.5,WARN_FD_MAX,WARN_OUTLIER_BURDEN,OK	True	True
<PROJECT_ROOT>/derivatives/fmriprep/sub-07/func/sub-07_task-heatpainwithregulationandratings_run-03_desc-confounds_timeseries.tsv	23b48670492d708446642076244a0a12d02e8a770a9a61d19fb8eb860a2a7a25	sub-07		heatpainwithregulationandratings	3	run-03			1	2	1	<PROJECT_ROOT>/derivatives/fmriprep/sub-07/func/sub-07_task-heatpainwithregulationandratings_run-03_space-MNI152NLin2009cAsym_desc-preproc_bold.nii.gz	<PROJECT_ROOT>/derivatives/fmriprep/sub-07/func/sub-07_task-heatpainwithregulationandratings_run-03_desc-brain_mask.nii.gz	<PROJECT_ROOT>/derivatives/fmriprep/sub-07/func/sub-07_task-heatpainwithregulationandratings_run-03_space-MNI152NLin2009cAsym_desc-preproc_bold.json	191	190	0.2047780051614206	0.14142988284060232	0.6169639431158095	1.5297198489115784	32.10526315789474	8.947368421052632	0.5263157894736842	61	17	1	std_dvars	190	1.3246268684210525	1.1041794999999999	3.04365765	3.61948	6	24	4	37	41	0	4	8	41	41	41	21.465968586387437	0	0	0	0.0	5	74	116	191	2.0	WARN_FD_MEAN,WARN_FD_GT_0.5	WARN_OUTLIER_BURDEN	OK	KEEP_WITH_WARNING	WARN_FD_MEAN,WARN_FD_GT_0.5,WARN_OUTLIER_BURDEN,OK	True	False
<PROJECT_ROOT>/derivatives/fmriprep/sub-07/func/sub-07_task-heatpainwithregulationandratings_run-07_desc-confounds_timeseries.tsv	a5173e2abf2377f29c7e70aec5f6c2ee7f4d7b7404072aea09627aeeae42a3ac	sub-07		heatpainwithregulationandratings	7	run-07			1	2	1	<PROJECT_ROOT>/derivatives/fmriprep/sub-07/func/sub-07_task-heatpainwithregulationandratings_run-07_space-MNI152NLin2009cAsym_desc-preproc_bold.nii.gz	<PROJECT_ROOT>/derivatives/fmriprep/sub-07/func/sub-07_task-heatpainwithregulationandratings_run-07_desc-brain_mask.nii.gz	<PROJECT_ROOT>/derivatives/fmriprep/sub-07/func/sub-07_task-heatpainwithregulationandratings_run-07_space-MNI152NLin2009cAsym_desc-preproc_bold.json	191	190	0.21309361181120012	0.12352828311727955	0.6603637042550841	1.7803398076976429	27.368421052631582	8.421052631578947	3.1578947368421053	52	16	6	std_dvars	190	1.1218107789473684	0.9795035	1.9687606499999997	3.040883	6	24	4	34	26	0	4	8	26	26	26	13.612565445026178	0	0	0	0.0	5	59	131	191	2.0	WARN_FD_MEAN,WARN_FD_GT_0.5	OK	OK	KEEP_WITH_WARNING	WARN_FD_MEAN,WARN_FD_GT_0.5,OK,OK	True	False
<PROJECT_ROOT>/derivatives/fmriprep/sub-08/func/sub-08_task-heatpainwithregulationandratings_run-03_desc-confounds_timeseries.tsv	9c12bb84e4a30654e34d92808f078268f2d1e172bdb2eb3aa97de3cd2559c3ef	sub-08		heatpainwithregulationandratings	3	run-03			1	2	1	<PROJECT_ROOT>/derivatives/fmriprep/sub-08/func/sub-08_task-heatpainwithregulationandratings_run-03_space-MNI152NLin2009cAsym_desc-preproc_bold.nii.gz	<PROJECT_ROOT>/derivatives/fmriprep/sub-08/func/sub-08_task-heatpainwithregulationandratings_run-03_desc-brain_mask.nii.gz	<PROJECT_ROOT>/derivatives/fmriprep/sub-08/func/sub-08_task-heatpainwithregulationandratings_run-03_space-MNI152NLin2009cAsym_desc-preproc_bold.json	191	190	0.07447176813273215	0.06530853905215314	0.14335625586129055	0.2082807294930176	1.0526315789473684	0.0	0.0	2	0	0	std_dvars	190	1.472394336842105	0.8684855	4.5276216499999995	4.881643	6	24	4	53	51	0	4	8	51	51	51	26.701570680628272	0	0	0	0.0	5	84	106	191	2.0	OK	WARN_OUTLIER_BURDEN	OK	KEEP_WITH_WARNING	OK,WARN_OUTLIER_BURDEN,OK	True	False
<PROJECT_ROOT>/derivatives/fmriprep/sub-08/func/sub-08_task-heatpainwithregulationandratings_run-07_desc-confounds_timeseries.tsv	f1806de6498262bac7f501cdd067272e7c85c12b05e65a927d53058be11ee84d	sub-08		heatpainwithregulationandratings	7	run-07			1	2	1	<PROJECT_ROOT>/derivatives/fmriprep/sub-08/func/sub-08_task-heatpainwithregulationandratings_run-07_space-MNI152NLin2009cAsym_desc-preproc_bold.nii.gz	<PROJECT_ROOT>/derivatives/fmriprep/sub-08/func/sub-08_task-heatpainwithregulationandratings_run-07_desc-brain_mask.nii.gz	<PROJECT_ROOT>/derivatives/fmriprep/sub-08/func/sub-08_task-heatpainwithregulationandratings_run-07_space-MNI152NLin2009cAsym_desc-preproc_bold.json	191	190	0.08599173021831621	0.07626537566152325	0.17017099890890178	0.2825916059638765	3.1578947368421053	0.0	0.0	6	0	0	std_dvars	190	1.070552205263158	1.0321099999999999	1.3802658999999995	1.834133	6	24	4	53	5	0	4	8	5	5	5	2.6178010471204187	0	0	0	0.0	5	38	152	191	2.0	OK	OK	OK	KEEP	OK	True	False
<PROJECT_ROOT>/derivatives/fmriprep/sub-09/func/sub-09_task-heatpainwithregulationandratings_run-03_desc-confounds_timeseries.tsv	47589b0a0e4acf0524e8b32da6d8e526859903f20db79a46ae8a3fa000d8baf8	sub-09		heatpainwithregulationandratings	3	run-03			1	2	1	<PROJECT_ROOT>/derivatives/fmriprep/sub-09/func/sub-09_task-heatpainwithregulationandratings_run-03_space-MNI152NLin2009cAsym_desc-preproc_bold.nii.gz	<PROJECT_ROOT>/derivatives/fmriprep/sub-09/func/sub-09_task-heatpainwithregulationandratings_run-03_desc-brain_mask.nii.gz	<PROJECT_ROOT>/derivatives/fmriprep/sub-09/func/sub-09_task-heatpainwithregulationandratings_run-03_space-MNI152NLin2009cAsym_desc-preproc_bold.json	191	190	0.13029911144691547	0.10140528519398109	0.3065330524339366	1.3400073775750705	12.105263157894736	1.5789473684210527	0.5263157894736842	23	3	1	std_dvars	190	1.2563508631578946	1.2309755	1.62420145	2.940109	6	24	4	48	21	0	4	8	21	21	21	10.99476439790576	0	0	0	0.0	5	54	136	191	2.0	OK	OK	OK	KEEP	OK	True	False
<PROJECT_ROOT>/derivatives/fmriprep/sub-09/func/sub-09_task-heatpainwithregulationandratings_run-07_desc-confounds_timeseries.tsv	6179a80ddecf1674675ccc42e0091b42d3d74ae957d8b6a2ad31db0a55e8c676	sub-09		heatpainwithregulationandratings	7	run-07			1	2	1	<PROJECT_ROOT>/derivatives/fmriprep/sub-09/func/sub-09_task-heatpainwithregulationandratings_run-07_space-MNI152NLin2009cAsym_desc-preproc_bold.nii.gz	<PROJECT_ROOT>/derivatives/fmriprep/sub-09/func/sub-09_task-heatpainwithregulationandratings_run-07_desc-brain_mask.nii.gz	<PROJECT_ROOT>/derivatives/fmriprep/sub-09/func/sub-09_task-heatpainwithregulationandratings_run-07_space-MNI152NLin2009cAsym_desc-preproc_bold.json	191	190	0.17220516852485288	0.1038990841237875	0.5851515270779278	1.572653509620956	23.157894736842106	6.842105263157896	0.5263157894736842	44	13	1	std_dvars	190	1.4020983263157896	1.1721375	3.0112987499999995	3.780036	6	24	4	42	58	0	4	8	58	58	58	30.36649214659686	0	0	0	0.0	5	91	99	191	2.0	WARN_FD_GT_0.5	WARN_OUTLIER_BURDEN,WARN_LOW_ESTIMATED_DOF	OK	KEEP_FOR_MAIN_BUT_SENSITIVITY_EXCLUDE_CANDIDATE	WARN_FD_GT_0.5,WARN_OUTLIER_BURDEN,WARN_LOW_ESTIMATED_DOF,OK	True	True
<PROJECT_ROOT>/derivatives/fmriprep/sub-10/func/sub-10_task-heatpainwithregulationandratings_run-03_desc-confounds_timeseries.tsv	6f69343c9182e3184db3a858b137eb4dc9eedb623813457548b3107286fd766b	sub-10		heatpainwithregulationandratings	3	run-03			1	2	1	<PROJECT_ROOT>/derivatives/fmriprep/sub-10/func/sub-10_task-heatpainwithregulationandratings_run-03_space-MNI152NLin2009cAsym_desc-preproc_bold.nii.gz	<PROJECT_ROOT>/derivatives/fmriprep/sub-10/func/sub-10_task-heatpainwithregulationandratings_run-03_desc-brain_mask.nii.gz	<PROJECT_ROOT>/derivatives/fmriprep/sub-10/func/sub-10_task-heatpainwithregulationandratings_run-03_space-MNI152NLin2009cAsym_desc-preproc_bold.json	191	190	0.41776888837166626	0.25632382954018207	1.411203168858114	4.64360478441404	67.36842105263158	12.105263157894736	6.842105263157896	128	23	13	std_dvars	190	1.2231302631578946	1.0390975	2.4034872999999974	4.414843	6	24	4	18	29	0	4	8	29	29	29	15.18324607329843	0	0	0	0.0	5	62	128	191	2.0	BAD_FD_MEAN,BAD_FD_GT_0.5,WARN_FD_MAX	OK	OK	KEEP_FOR_MAIN_BUT_SENSITIVITY_EXCLUDE_CANDIDATE	BAD_FD_MEAN,BAD_FD_GT_0.5,WARN_FD_MAX,OK,OK	True	True
<PROJECT_ROOT>/derivatives/fmriprep/sub-10/func/sub-10_task-heatpainwithregulationandratings_run-07_desc-confounds_timeseries.tsv	95ba9d022aa4d2da19951bdab6ed33a3da3e81ba04ed9a9b111c85de96350392	sub-10		heatpainwithregulationandratings	7	run-07			1	2	1	<PROJECT_ROOT>/derivatives/fmriprep/sub-10/func/sub-10_task-heatpainwithregulationandratings_run-07_space-MNI152NLin2009cAsym_desc-preproc_bold.nii.gz	<PROJECT_ROOT>/derivatives/fmriprep/sub-10/func/sub-10_task-heatpainwithregulationandratings_run-07_desc-brain_mask.nii.gz	<PROJECT_ROOT>/derivatives/fmriprep/sub-10/func/sub-10_task-heatpainwithregulationandratings_run-07_space-MNI152NLin2009cAsym_desc-preproc_bold.json	191	190	0.3211266206259659	0.18922222413588247	1.1525327217100114	2.4945697232076496	46.8421052631579	16.842105263157894	5.7894736842105265	89	32	11	std_dvars	190	1.2616817421052633	1.031883	2.4525673	2.954762	6	24	4	36	51	0	4	8	51	51	51	26.701570680628272	0	0	0	0.0	5	84	106	191	2.0	BAD_FD_MEAN,BAD_FD_GT_0.5,WARN_FD_MAX	WARN_OUTLIER_BURDEN	OK	KEEP_FOR_MAIN_BUT_SENSITIVITY_EXCLUDE_CANDIDATE	BAD_FD_MEAN,BAD_FD_GT_0.5,WARN_FD_MAX,WARN_OUTLIER_BURDEN,OK	True	True
<PROJECT_ROOT>/derivatives/fmriprep/sub-11/func/sub-11_task-heatpainwithregulationandratings_run-03_desc-confounds_timeseries.tsv	05daa3bff19e6e3a08b8c9f30e45be00ab48f85e8433ca004e3c02c0a3f3075f	sub-11		heatpainwithregulationandratings	3	run-03			1	2	1	<PROJECT_ROOT>/derivatives/fmriprep/sub-11/func/sub-11_task-heatpainwithregulationandratings_run-03_space-MNI152NLin2009cAsym_desc-preproc_bold.nii.gz	<PROJECT_ROOT>/derivatives/fmriprep/sub-11/func/sub-11_task-heatpainwithregulationandratings_run-03_desc-brain_mask.nii.gz	<PROJECT_ROOT>/derivatives/fmriprep/sub-11/func/sub-11_task-heatpainwithregulationandratings_run-03_space-MNI152NLin2009cAsym_desc-preproc_bold.json	191	190	0.13343685848670825	0.11186769998737639	0.30277464495701645	0.5419216834605673	15.789473684210526	1.0526315789473684	0.0	30	2	0	std_dvars	190	1.4357262315789474	1.3004475	2.4349012499999994	4.139418	6	24	4	51	64	0	4	8	64	64	64	33.50785340314136	0	0	0	0.0	5	97	93	191	2.0	OK	WARN_OUTLIER_BURDEN,WARN_LOW_ESTIMATED_DOF	OK	KEEP_FOR_MAIN_BUT_SENSITIVITY_EXCLUDE_CANDIDATE	OK,WARN_OUTLIER_BURDEN,WARN_LOW_ESTIMATED_DOF,OK	True	True
<PROJECT_ROOT>/derivatives/fmriprep/sub-11/func/sub-11_task-heatpainwithregulationandratings_run-07_desc-confounds_timeseries.tsv	0c208fa22468519300da2f344444a85ae99048260addffeb4c6965efef08f125	sub-11		heatpainwithregulationandratings	7	run-07			1	2	1	<PROJECT_ROOT>/derivatives/fmriprep/sub-11/func/sub-11_task-heatpainwithregulationandratings_run-07_space-MNI152NLin2009cAsym_desc-preproc_bold.nii.gz	<PROJECT_ROOT>/derivatives/fmriprep/sub-11/func/sub-11_task-heatpainwithregulationandratings_run-07_desc-brain_mask.nii.gz	<PROJECT_ROOT>/derivatives/fmriprep/sub-11/func/sub-11_task-heatpainwithregulationandratings_run-07_space-MNI152NLin2009cAsym_desc-preproc_bold.json	191	190	0.13371475544870956	0.11700946198435275	0.2707929061121326	0.701370393155019	11.578947368421053	1.0526315789473684	0.0	22	2	0	std_dvars	190	1.1657177578947369	1.1491954999999998	1.5000278499999984	2.444502	6	24	4	44	10	1	4	8	10	10	10	5.2356020942408374	1	1	1	0.5235602094240838	5	44	146	191	2.0	OK	OK	OK	KEEP	OK	True	False
<PROJECT_ROOT>/derivatives/fmriprep/sub-12/func/sub-12_task-heatpainwithregulationandratings_run-03_desc-confounds_timeseries.tsv	0335865c5e5dc0793d5cb75d2d71db19375d3235f0242edf463d855acec406a9	sub-12		heatpainwithregulationandratings	3	run-03			1	2	1	<PROJECT_ROOT>/derivatives/fmriprep/sub-12/func/sub-12_task-heatpainwithregulationandratings_run-03_space-MNI152NLin2009cAsym_desc-preproc_bold.nii.gz	<PROJECT_ROOT>/derivatives/fmriprep/sub-12/func/sub-12_task-heatpainwithregulationandratings_run-03_desc-brain_mask.nii.gz	<PROJECT_ROOT>/derivatives/fmriprep/sub-12/func/sub-12_task-heatpainwithregulationandratings_run-03_space-MNI152NLin2009cAsym_desc-preproc_bold.json	191	190	0.10293529656103083	0.08933164530548529	0.21494826875331624	0.440660040244176	7.368421052631578	0.0	0.0	14	0	0	std_dvars	190	1.3706292368421054	1.360631	1.53095635	1.65514	6	24	4	48	17	0	4	8	17	17	17	8.900523560209423	0	0	0	0.0	5	50	140	191	2.0	OK	OK	OK	KEEP	OK	True	False
<PROJECT_ROOT>/derivatives/fmriprep/sub-12/func/sub-12_task-heatpainwithregulationandratings_run-07_desc-confounds_timeseries.tsv	4c694772e6af854fab4253b68e53d6079df1fb0f400d9cf199d9b78e7a7340f1	sub-12		heatpainwithregulationandratings	7	run-07			1	2	1	<PROJECT_ROOT>/derivatives/fmriprep/sub-12/func/sub-12_task-heatpainwithregulationandratings_run-07_space-MNI152NLin2009cAsym_desc-preproc_bold.nii.gz	<PROJECT_ROOT>/derivatives/fmriprep/sub-12/func/sub-12_task-heatpainwithregulationandratings_run-07_desc-brain_mask.nii.gz	<PROJECT_ROOT>/derivatives/fmriprep/sub-12/func/sub-12_task-heatpainwithregulationandratings_run-07_space-MNI152NLin2009cAsym_desc-preproc_bold.json	191	190	0.2695951522920758	0.1870634518522986	0.8751436581188009	2.6168796636604617	45.78947368421053	8.947368421052632	2.631578947368421	87	17	5	std_dvars	190	1.2137001578947368	1.0940665	1.8592017499999987	3.949072	6	24	4	28	27	0	4	8	27	27	27	14.136125654450263	0	0	0	0.0	5	60	130	191	2.0	WARN_FD_MEAN,WARN_FD_GT_0.5,WARN_FD_MAX	OK	OK	KEEP_WITH_WARNING	WARN_FD_MEAN,WARN_FD_GT_0.5,WARN_FD_MAX,OK,OK	True	False
<PROJECT_ROOT>/derivatives/fmriprep/sub-13/func/sub-13_task-heatpainwithregulationandratings_run-03_desc-confounds_timeseries.tsv	b1ca12bc9b7ec6a3f28fe1845296855add2b0f962722d8e5e160828ed724d64a	sub-13		heatpainwithregulationandratings	3	run-03			1	2	1	<PROJECT_ROOT>/derivatives/fmriprep/sub-13/func/sub-13_task-heatpainwithregulationandratings_run-03_space-MNI152NLin2009cAsym_desc-preproc_bold.nii.gz	<PROJECT_ROOT>/derivatives/fmriprep/sub-13/func/sub-13_task-heatpainwithregulationandratings_run-03_desc-brain_mask.nii.gz	<PROJECT_ROOT>/derivatives/fmriprep/sub-13/func/sub-13_task-heatpainwithregulationandratings_run-03_space-MNI152NLin2009cAsym_desc-preproc_bold.json	191	190	0.1577702037003148	0.14051990850161694	0.29196786875644865	0.5418056640082499	24.210526315789473	0.5263157894736842	0.0	46	1	0	std_dvars	190	1.3884577210526319	1.1997155	2.79011035	2.995558	6	24	4	45	50	0	4	8	50	50	50	26.17801047120419	0	0	0	0.0	5	83	107	191	2.0	OK	WARN_OUTLIER_BURDEN	OK	KEEP_WITH_WARNING	OK,WARN_OUTLIER_BURDEN,OK	True	False
<PROJECT_ROOT>/derivatives/fmriprep/sub-13/func/sub-13_task-heatpainwithregulationandratings_run-07_desc-confounds_timeseries.tsv	b7440e9fa1550a33ba026dba734b9aa8e975d9b5b8176f9929c6af4eab994af5	sub-13		heatpainwithregulationandratings	7	run-07			1	2	1	<PROJECT_ROOT>/derivatives/fmriprep/sub-13/func/sub-13_task-heatpainwithregulationandratings_run-07_space-MNI152NLin2009cAsym_desc-preproc_bold.nii.gz	<PROJECT_ROOT>/derivatives/fmriprep/sub-13/func/sub-13_task-heatpainwithregulationandratings_run-07_desc-brain_mask.nii.gz	<PROJECT_ROOT>/derivatives/fmriprep/sub-13/func/sub-13_task-heatpainwithregulationandratings_run-07_space-MNI152NLin2009cAsym_desc-preproc_bold.json	191	190	0.13930365827849492	0.1264920351927359	0.24333335131566686	0.326898303547491	16.315789473684212	0.0	0.0	31	0	0	std_dvars	190	1.5590820631578948	1.3371165	2.7242272	2.892346	6	24	4	47	72	0	4	8	72	72	72	37.696335078534034	0	0	0	0.0	5	105	85	191	2.0	OK	HIGH_OUTLIER_BURDEN,WARN_LOW_ESTIMATED_DOF	OK	KEEP_FOR_MAIN_BUT_SENSITIVITY_EXCLUDE_CANDIDATE	OK,HIGH_OUTLIER_BURDEN,WARN_LOW_ESTIMATED_DOF,OK	True	True
<PROJECT_ROOT>/derivatives/fmriprep/sub-14/func/sub-14_task-heatpainwithregulationandratings_run-03_desc-confounds_timeseries.tsv	7b9ee293ff23d61e77a6babc9cdab3079fbf5a928461864a3c2259a94876649d	sub-14		heatpainwithregulationandratings	3	run-03			1	2	1	<PROJECT_ROOT>/derivatives/fmriprep/sub-14/func/sub-14_task-heatpainwithregulationandratings_run-03_space-MNI152NLin2009cAsym_desc-preproc_bold.nii.gz	<PROJECT_ROOT>/derivatives/fmriprep/sub-14/func/sub-14_task-heatpainwithregulationandratings_run-03_desc-brain_mask.nii.gz	<PROJECT_ROOT>/derivatives/fmriprep/sub-14/func/sub-14_task-heatpainwithregulationandratings_run-03_space-MNI152NLin2009cAsym_desc-preproc_bold.json	191	190	0.09448762707679155	0.07235109801599829	0.21237891969830489	0.7562210205575818	5.7894736842105265	1.0526315789473684	0.0	11	2	0	std_dvars	190	1.4916520210526312	1.334719	2.3753619499999994	6.31768	6	24	4	39	32	0	4	8	32	32	32	16.75392670157068	0	0	0	0.0	5	65	125	191	2.0	OK	OK	OK	KEEP	OK	True	False
<PROJECT_ROOT>/derivatives/fmriprep/sub-14/func/sub-14_task-heatpainwithregulationandratings_run-07_desc-confounds_timeseries.tsv	0846ca7704e72268ff86fbfec9065938e8e3a2d367a52f94671a82733cb6418c	sub-14		heatpainwithregulationandratings	7	run-07			1	2	1	<PROJECT_ROOT>/derivatives/fmriprep/sub-14/func/sub-14_task-heatpainwithregulationandratings_run-07_space-MNI152NLin2009cAsym_desc-preproc_bold.nii.gz	<PROJECT_ROOT>/derivatives/fmriprep/sub-14/func/sub-14_task-heatpainwithregulationandratings_run-07_desc-brain_mask.nii.gz	<PROJECT_ROOT>/derivatives/fmriprep/sub-14/func/sub-14_task-heatpainwithregulationandratings_run-07_space-MNI152NLin2009cAsym_desc-preproc_bold.json	191	190	0.11794465811425787	0.08740816393053745	0.33186672770927167	0.8124908113471143	9.473684210526317	2.631578947368421	0.0	18	5	0	std_dvars	190	1.4651894210526315	1.2923149999999999	2.069395049999997	6.581801	6	24	4	34	31	0	4	8	31	31	31	16.230366492146597	0	0	0	0.0	5	64	126	191	2.0	OK	OK	OK	KEEP	OK	True	False
<PROJECT_ROOT>/derivatives/fmriprep/sub-15/func/sub-15_task-heatpainwithregulationandratings_run-03_desc-confounds_timeseries.tsv	9be8dbf9dd51b85fc7bb6e749424cda55c3b413ea50bf4b79ecd7406fae198f9	sub-15		heatpainwithregulationandratings	3	run-03			1	2	1	<PROJECT_ROOT>/derivatives/fmriprep/sub-15/func/sub-15_task-heatpainwithregulationandratings_run-03_space-MNI152NLin2009cAsym_desc-preproc_bold.nii.gz	<PROJECT_ROOT>/derivatives/fmriprep/sub-15/func/sub-15_task-heatpainwithregulationandratings_run-03_desc-brain_mask.nii.gz	<PROJECT_ROOT>/derivatives/fmriprep/sub-15/func/sub-15_task-heatpainwithregulationandratings_run-03_space-MNI152NLin2009cAsym_desc-preproc_bold.json	191	190	0.08133824064510915	0.07447885063191365	0.14674332458378644	0.2047191204095816	1.0526315789473684	0.0	0.0	2	0	0	std_dvars	190	1.584689889473684	1.3073755	3.66519375	5.831014	6	24	4	49	51	0	4	8	51	51	51	26.701570680628272	0	0	0	0.0	5	84	106	191	2.0	OK	WARN_OUTLIER_BURDEN	OK	KEEP_WITH_WARNING	OK,WARN_OUTLIER_BURDEN,OK	True	False
<PROJECT_ROOT>/derivatives/fmriprep/sub-15/func/sub-15_task-heatpainwithregulationandratings_run-07_desc-confounds_timeseries.tsv	8a5d65428c3f00fd7604bbf01b91062a3cf412a93a28b3e949d88bc2eaa886a1	sub-15		heatpainwithregulationandratings	7	run-07			1	2	1	<PROJECT_ROOT>/derivatives/fmriprep/sub-15/func/sub-15_task-heatpainwithregulationandratings_run-07_space-MNI152NLin2009cAsym_desc-preproc_bold.nii.gz	<PROJECT_ROOT>/derivatives/fmriprep/sub-15/func/sub-15_task-heatpainwithregulationandratings_run-07_desc-brain_mask.nii.gz	<PROJECT_ROOT>/derivatives/fmriprep/sub-15/func/sub-15_task-heatpainwithregulationandratings_run-07_space-MNI152NLin2009cAsym_desc-preproc_bold.json	191	190	0.07684635231372976	0.0695879120492213	0.14254856932122342	0.2273650447976918	1.0526315789473684	0.0	0.0	2	0	0	std_dvars	190	1.6449318421052632	1.419121	3.1472693499999993	3.306441	6	24	4	51	88	0	4	8	88	88	88	46.07329842931937	0	0	0	0.0	5	121	69	191	2.0	OK	HIGH_OUTLIER_BURDEN,WARN_LOW_ESTIMATED_DOF	OK	KEEP_FOR_MAIN_BUT_SENSITIVITY_EXCLUDE_CANDIDATE	OK,HIGH_OUTLIER_BURDEN,WARN_LOW_ESTIMATED_DOF,OK	True	True
<PROJECT_ROOT>/derivatives/fmriprep/sub-16/func/sub-16_task-heatpainwithregulationandratings_run-03_desc-confounds_timeseries.tsv	805670901d04dc330fdf15aa5704801d84bcbde1600da9e84a323827af49a300	sub-16		heatpainwithregulationandratings	3	run-03			1	2	1	<PROJECT_ROOT>/derivatives/fmriprep/sub-16/func/sub-16_task-heatpainwithregulationandratings_run-03_space-MNI152NLin2009cAsym_desc-preproc_bold.nii.gz	<PROJECT_ROOT>/derivatives/fmriprep/sub-16/func/sub-16_task-heatpainwithregulationandratings_run-03_desc-brain_mask.nii.gz	<PROJECT_ROOT>/derivatives/fmriprep/sub-16/func/sub-16_task-heatpainwithregulationandratings_run-03_space-MNI152NLin2009cAsym_desc-preproc_bold.json	191	190	0.14573559251452392	0.12676087666006164	0.31258273629599603	0.4833980797938158	20.526315789473685	0.0	0.0	39	0	0	std_dvars	190	1.2290398684210528	1.2228050000000001	1.5600616999999999	1.852673	6	24	4	47	15	0	4	8	15	15	15	7.853403141361256	0	0	0	0.0	5	48	142	191	2.0	OK	OK	OK	KEEP	OK	True	False
<PROJECT_ROOT>/derivatives/fmriprep/sub-16/func/sub-16_task-heatpainwithregulationandratings_run-07_desc-confounds_timeseries.tsv	004a10766c78feeed249198c271579f96847f23ce9191b451215994587f42e05	sub-16		heatpainwithregulationandratings	7	run-07			1	2	1	<PROJECT_ROOT>/derivatives/fmriprep/sub-16/func/sub-16_task-heatpainwithregulationandratings_run-07_space-MNI152NLin2009cAsym_desc-preproc_bold.nii.gz	<PROJECT_ROOT>/derivatives/fmriprep/sub-16/func/sub-16_task-heatpainwithregulationandratings_run-07_desc-brain_mask.nii.gz	<PROJECT_ROOT>/derivatives/fmriprep/sub-16/func/sub-16_task-heatpainwithregulationandratings_run-07_space-MNI152NLin2009cAsym_desc-preproc_bold.json	191	190	0.13812184674856332	0.12112325288270781	0.30099696339045895	0.4824370304891249	16.315789473684212	0.0	0.0	31	0	0	std_dvars	190	1.2388992526315787	1.21944	1.6012027	1.86542	6	24	4	48	20	0	4	8	20	20	20	10.471204188481675	0	0	0	0.0	5	53	137	191	2.0	OK	OK	OK	KEEP	OK	True	False
<PROJECT_ROOT>/derivatives/fmriprep/sub-17/func/sub-17_task-heatpainwithregulationandratings_run-03_desc-confounds_timeseries.tsv	45fe22d66182770eb128d2332294faa5a1b6858c6b09be9b1c17cdd5935fd8a8	sub-17		heatpainwithregulationandratings	3	run-03			1	2	1	<PROJECT_ROOT>/derivatives/fmriprep/sub-17/func/sub-17_task-heatpainwithregulationandratings_run-03_space-MNI152NLin2009cAsym_desc-preproc_bold.nii.gz	<PROJECT_ROOT>/derivatives/fmriprep/sub-17/func/sub-17_task-heatpainwithregulationandratings_run-03_desc-brain_mask.nii.gz	<PROJECT_ROOT>/derivatives/fmriprep/sub-17/func/sub-17_task-heatpainwithregulationandratings_run-03_space-MNI152NLin2009cAsym_desc-preproc_bold.json	191	190	0.10787553730001734	0.09174365724838834	0.23264415400603747	0.6253150990646994	8.947368421052632	1.0526315789473684	0.0	17	2	0	std_dvars	190	1.355857421052632	1.3302939999999999	1.7829776499999999	2.3188	6	24	4	54	33	0	4	8	33	33	33	17.277486910994764	0	0	0	0.0	5	66	124	191	2.0	OK	OK	OK	KEEP	OK	True	False
<PROJECT_ROOT>/derivatives/fmriprep/sub-17/func/sub-17_task-heatpainwithregulationandratings_run-07_desc-confounds_timeseries.tsv	421d727057fa9e6e16d9d08f3b36408f38e18fd0116b5d8110b7b6dd7156b52b	sub-17		heatpainwithregulationandratings	7	run-07			1	2	1	<PROJECT_ROOT>/derivatives/fmriprep/sub-17/func/sub-17_task-heatpainwithregulationandratings_run-07_space-MNI152NLin2009cAsym_desc-preproc_bold.nii.gz	<PROJECT_ROOT>/derivatives/fmriprep/sub-17/func/sub-17_task-heatpainwithregulationandratings_run-07_desc-brain_mask.nii.gz	<PROJECT_ROOT>/derivatives/fmriprep/sub-17/func/sub-17_task-heatpainwithregulationandratings_run-07_space-MNI152NLin2009cAsym_desc-preproc_bold.json	191	190	0.07417147071231679	0.0719567281769678	0.13303898835273928	0.1940970098162336	0.0	0.0	0.0	0	0	0	std_dvars	190	1.4425383105263156	1.388023	2.02210935	2.259411	6	24	4	59	58	0	4	8	58	58	58	30.36649214659686	0	0	0	0.0	5	91	99	191	2.0	OK	WARN_OUTLIER_BURDEN,WARN_LOW_ESTIMATED_DOF	OK	KEEP_FOR_MAIN_BUT_SENSITIVITY_EXCLUDE_CANDIDATE	OK,WARN_OUTLIER_BURDEN,WARN_LOW_ESTIMATED_DOF,OK	True	True
<PROJECT_ROOT>/derivatives/fmriprep/sub-18/func/sub-18_task-heatpainwithregulationandratings_run-03_desc-confounds_timeseries.tsv	b5844943ad8b8dcf96c77ea9977e9de16d3636d1ea358c6a7164e53d08affb9a	sub-18		heatpainwithregulationandratings	3	run-03			1	2	1	<PROJECT_ROOT>/derivatives/fmriprep/sub-18/func/sub-18_task-heatpainwithregulationandratings_run-03_space-MNI152NLin2009cAsym_desc-preproc_bold.nii.gz	<PROJECT_ROOT>/derivatives/fmriprep/sub-18/func/sub-18_task-heatpainwithregulationandratings_run-03_desc-brain_mask.nii.gz	<PROJECT_ROOT>/derivatives/fmriprep/sub-18/func/sub-18_task-heatpainwithregulationandratings_run-03_space-MNI152NLin2009cAsym_desc-preproc_bold.json	191	190	0.09802201156023421	0.0871056127659578	0.1571775217098588	1.20951647607081	1.5789473684210527	1.0526315789473684	0.5263157894736842	3	2	1	std_dvars	190	1.7561446578947366	1.2131634999999998	4.0539085499999965	4.61275	6	24	4	40	75	0	4	8	75	75	75	39.26701570680628	0	0	0	0.0	5	108	82	191	2.0	OK	HIGH_OUTLIER_BURDEN,WARN_LOW_ESTIMATED_DOF	OK	KEEP_FOR_MAIN_BUT_SENSITIVITY_EXCLUDE_CANDIDATE	OK,HIGH_OUTLIER_BURDEN,WARN_LOW_ESTIMATED_DOF,OK	True	True
<PROJECT_ROOT>/derivatives/fmriprep/sub-18/func/sub-18_task-heatpainwithregulationandratings_run-07_desc-confounds_timeseries.tsv	772d2d280fd9ac9b719f1294eef3f0b17e867fdaaf6fa39bae4cef50198b1c4c	sub-18		heatpainwithregulationandratings	7	run-07			1	2	1	<PROJECT_ROOT>/derivatives/fmriprep/sub-18/func/sub-18_task-heatpainwithregulationandratings_run-07_space-MNI152NLin2009cAsym_desc-preproc_bold.nii.gz	<PROJECT_ROOT>/derivatives/fmriprep/sub-18/func/sub-18_task-heatpainwithregulationandratings_run-07_desc-brain_mask.nii.gz	<PROJECT_ROOT>/derivatives/fmriprep/sub-18/func/sub-18_task-heatpainwithregulationandratings_run-07_space-MNI152NLin2009cAsym_desc-preproc_bold.json	191	190	0.17930994809531836	0.13228007346177323	0.4060097160020011	1.8637617109746167	23.157894736842106	3.1578947368421053	1.0526315789473684	44	6	2	std_dvars	190	1.160173942105263	1.0409145	1.8825045499999997	4.944596	6	24	4	27	21	0	4	8	21	21	21	10.99476439790576	0	0	0	0.0	5	54	136	191	2.0	OK	OK	OK	KEEP	OK	True	False
<PROJECT_ROOT>/derivatives/fmriprep/sub-19/func/sub-19_task-heatpainwithregulationandratings_run-03_desc-confounds_timeseries.tsv	2bb79f5b10065b0c5b9a2f027f9bca452a105240acae6015be37a5cf93b6323c	sub-19		heatpainwithregulationandratings	3	run-03			1	2	1	<PROJECT_ROOT>/derivatives/fmriprep/sub-19/func/sub-19_task-heatpainwithregulationandratings_run-03_space-MNI152NLin2009cAsym_desc-preproc_bold.nii.gz	<PROJECT_ROOT>/derivatives/fmriprep/sub-19/func/sub-19_task-heatpainwithregulationandratings_run-03_desc-brain_mask.nii.gz	<PROJECT_ROOT>/derivatives/fmriprep/sub-19/func/sub-19_task-heatpainwithregulationandratings_run-03_space-MNI152NLin2009cAsym_desc-preproc_bold.json	191	190	0.2899733374423591	0.18205276195003411	0.9553962113812171	2.873575217153667	43.684210526315795	11.578947368421053	4.2105263157894735	83	22	8	std_dvars	190	1.3441160894736843	1.0302275	3.3646899499999994	4.469575	6	24	4	23	55	0	4	8	55	55	55	28.79581151832461	0	0	0	0.0	5	88	102	191	2.0	WARN_FD_MEAN,BAD_FD_GT_0.5,WARN_FD_MAX	WARN_OUTLIER_BURDEN	OK	KEEP_FOR_MAIN_BUT_SENSITIVITY_EXCLUDE_CANDIDATE	WARN_FD_MEAN,BAD_FD_GT_0.5,WARN_FD_MAX,WARN_OUTLIER_BURDEN,OK	True	True
<PROJECT_ROOT>/derivatives/fmriprep/sub-19/func/sub-19_task-heatpainwithregulationandratings_run-07_desc-confounds_timeseries.tsv	418da56139bcc557302fe45e74cc5cf28ed4e04044130b91db6bb5ae65de07a3	sub-19		heatpainwithregulationandratings	7	run-07			1	2	1	<PROJECT_ROOT>/derivatives/fmriprep/sub-19/func/sub-19_task-heatpainwithregulationandratings_run-07_space-MNI152NLin2009cAsym_desc-preproc_bold.nii.gz	<PROJECT_ROOT>/derivatives/fmriprep/sub-19/func/sub-19_task-heatpainwithregulationandratings_run-07_desc-brain_mask.nii.gz	<PROJECT_ROOT>/derivatives/fmriprep/sub-19/func/sub-19_task-heatpainwithregulationandratings_run-07_space-MNI152NLin2009cAsym_desc-preproc_bold.json	191	190	0.21844410796834854	0.1573424232953261	0.6520182824767934	1.34158636132496	31.57894736842105	8.947368421052632	1.5789473684210527	60	17	3	std_dvars	190	1.4291889789473684	1.1062314999999998	2.94532295	4.711146	6	24	4	33	57	0	4	8	57	57	57	29.84293193717277	0	0	0	0.0	5	90	100	191	2.0	WARN_FD_MEAN,WARN_FD_GT_0.5	WARN_OUTLIER_BURDEN	OK	KEEP_WITH_WARNING	WARN_FD_MEAN,WARN_FD_GT_0.5,WARN_OUTLIER_BURDEN,OK	True	False
<PROJECT_ROOT>/derivatives/fmriprep/sub-20/func/sub-20_task-heatpainwithregulationandratings_run-03_desc-confounds_timeseries.tsv	2da949fb98703e23046f8af920b3e8d8be5d87c217eeed518ee8444f95cc7a35	sub-20		heatpainwithregulationandratings	3	run-03			1	2	1	<PROJECT_ROOT>/derivatives/fmriprep/sub-20/func/sub-20_task-heatpainwithregulationandratings_run-03_space-MNI152NLin2009cAsym_desc-preproc_bold.nii.gz	<PROJECT_ROOT>/derivatives/fmriprep/sub-20/func/sub-20_task-heatpainwithregulationandratings_run-03_desc-brain_mask.nii.gz	<PROJECT_ROOT>/derivatives/fmriprep/sub-20/func/sub-20_task-heatpainwithregulationandratings_run-03_space-MNI152NLin2009cAsym_desc-preproc_bold.json	191	190	0.16048098859889734	0.13705321187301045	0.3022330635565184	0.8729095752492908	23.157894736842106	1.5789473684210527	0.0	44	3	0	std_dvars	190	1.624129436842105	1.44109	2.9969840999999993	4.630142	6	24	4	36	80	0	4	8	80	80	80	41.8848167539267	0	0	0	0.0	5	113	77	191	2.0	OK	HIGH_OUTLIER_BURDEN,WARN_LOW_ESTIMATED_DOF	OK	KEEP_FOR_MAIN_BUT_SENSITIVITY_EXCLUDE_CANDIDATE	OK,HIGH_OUTLIER_BURDEN,WARN_LOW_ESTIMATED_DOF,OK	True	True
<PROJECT_ROOT>/derivatives/fmriprep/sub-20/func/sub-20_task-heatpainwithregulationandratings_run-07_desc-confounds_timeseries.tsv	027d3f8fb06feb1ac940ce5a9d1ac76ae406df07e9ca27bdefc26135bd0c6650	sub-20		heatpainwithregulationandratings	7	run-07			1	2	1	<PROJECT_ROOT>/derivatives/fmriprep/sub-20/func/sub-20_task-heatpainwithregulationandratings_run-07_space-MNI152NLin2009cAsym_desc-preproc_bold.nii.gz	<PROJECT_ROOT>/derivatives/fmriprep/sub-20/func/sub-20_task-heatpainwithregulationandratings_run-07_desc-brain_mask.nii.gz	<PROJECT_ROOT>/derivatives/fmriprep/sub-20/func/sub-20_task-heatpainwithregulationandratings_run-07_space-MNI152NLin2009cAsym_desc-preproc_bold.json	191	190	0.2005931896039104	0.14266713947874027	0.5101083856017709	1.1744409728592782	37.89473684210527	5.263157894736842	0.5263157894736842	72	10	1	std_dvars	190	1.4332817631578947	1.278249	2.551732799999999	3.767679	6	24	4	30	57	0	4	8	57	57	57	29.84293193717277	0	0	0	0.0	5	90	100	191	2.0	WARN_FD_MEAN,WARN_FD_GT_0.5	WARN_OUTLIER_BURDEN	OK	KEEP_WITH_WARNING	WARN_FD_MEAN,WARN_FD_GT_0.5,WARN_OUTLIER_BURDEN,OK	True	False
<PROJECT_ROOT>/derivatives/fmriprep/sub-21/func/sub-21_task-heatpainwithregulationandratings_run-03_desc-confounds_timeseries.tsv	d5967336bfc03f0b88ae4342653f9404ffe2c52f92a141325a026b5cc82a885e	sub-21		heatpainwithregulationandratings	3	run-03			1	2	1	<PROJECT_ROOT>/derivatives/fmriprep/sub-21/func/sub-21_task-heatpainwithregulationandratings_run-03_space-MNI152NLin2009cAsym_desc-preproc_bold.nii.gz	<PROJECT_ROOT>/derivatives/fmriprep/sub-21/func/sub-21_task-heatpainwithregulationandratings_run-03_desc-brain_mask.nii.gz	<PROJECT_ROOT>/derivatives/fmriprep/sub-21/func/sub-21_task-heatpainwithregulationandratings_run-03_space-MNI152NLin2009cAsym_desc-preproc_bold.json	191	190	0.07693987128001228	0.07449687743308064	0.12765163350355724	0.1814692789528501	0.0	0.0	0.0	0	0	0	std_dvars	190	2.154091321052632	1.9742790000000001	4.582457499999996	6.077212	6	24	4	55	131	0	4	8	131	131	131	68.58638743455498	0	0	0	0.0	5	164	26	191	2.0	OK	HIGH_OUTLIER_BURDEN,SEVERE_LOW_ESTIMATED_DOF	OK	KEEP_FOR_MAIN_BUT_SENSITIVITY_EXCLUDE_CANDIDATE	OK,HIGH_OUTLIER_BURDEN,SEVERE_LOW_ESTIMATED_DOF,OK	True	True
<PROJECT_ROOT>/derivatives/fmriprep/sub-21/func/sub-21_task-heatpainwithregulationandratings_run-07_desc-confounds_timeseries.tsv	70b37e71d498741f57188e27c33a38044a67215a330e2070d66ef9a20e23132b	sub-21		heatpainwithregulationandratings	7	run-07			1	2	1	<PROJECT_ROOT>/derivatives/fmriprep/sub-21/func/sub-21_task-heatpainwithregulationandratings_run-07_space-MNI152NLin2009cAsym_desc-preproc_bold.nii.gz	<PROJECT_ROOT>/derivatives/fmriprep/sub-21/func/sub-21_task-heatpainwithregulationandratings_run-07_desc-brain_mask.nii.gz	<PROJECT_ROOT>/derivatives/fmriprep/sub-21/func/sub-21_task-heatpainwithregulationandratings_run-07_space-MNI152NLin2009cAsym_desc-preproc_bold.json	191	190	0.08231600582531101	0.07545151461327965	0.14343216748683507	0.2450935846893648	1.0526315789473684	0.0	0.0	2	0	0	std_dvars	190	1.5337946	1.3388415	3.1231825999999954	6.8668	6	24	4	54	47	0	4	8	47	47	47	24.60732984293194	0	0	0	0.0	5	80	110	191	2.0	OK	WARN_OUTLIER_BURDEN	OK	KEEP_WITH_WARNING	OK,WARN_OUTLIER_BURDEN,OK	True	False
<PROJECT_ROOT>/derivatives/fmriprep/sub-22/func/sub-22_task-heatpainwithregulationandratings_run-03_desc-confounds_timeseries.tsv	dd7ec5df1f774f4fdd1f54d1ac2830d97344d399a82378ec91bab2b543e5d5de	sub-22		heatpainwithregulationandratings	3	run-03			1	2	1	<PROJECT_ROOT>/derivatives/fmriprep/sub-22/func/sub-22_task-heatpainwithregulationandratings_run-03_space-MNI152NLin2009cAsym_desc-preproc_bold.nii.gz	<PROJECT_ROOT>/derivatives/fmriprep/sub-22/func/sub-22_task-heatpainwithregulationandratings_run-03_desc-brain_mask.nii.gz	<PROJECT_ROOT>/derivatives/fmriprep/sub-22/func/sub-22_task-heatpainwithregulationandratings_run-03_space-MNI152NLin2009cAsym_desc-preproc_bold.json	191	190	0.10842988584078067	0.0936395311233473	0.17647418800911577	0.8202463418446334	3.1578947368421053	1.0526315789473684	0.0	6	2	0	std_dvars	190	1.2561463315789474	1.2252055	1.4875634999999996	2.94677	6	24	4	51	9	0	4	8	9	9	9	4.712041884816754	0	0	0	0.0	5	42	148	191	2.0	OK	OK	OK	KEEP	OK	True	False
<PROJECT_ROOT>/derivatives/fmriprep/sub-22/func/sub-22_task-heatpainwithregulationandratings_run-07_desc-confounds_timeseries.tsv	6f725c765505b23d61d86734479add21f5105104688866448cced0b9c4eeed77	sub-22		heatpainwithregulationandratings	7	run-07			1	2	1	<PROJECT_ROOT>/derivatives/fmriprep/sub-22/func/sub-22_task-heatpainwithregulationandratings_run-07_space-MNI152NLin2009cAsym_desc-preproc_bold.nii.gz	<PROJECT_ROOT>/derivatives/fmriprep/sub-22/func/sub-22_task-heatpainwithregulationandratings_run-07_desc-brain_mask.nii.gz	<PROJECT_ROOT>/derivatives/fmriprep/sub-22/func/sub-22_task-heatpainwithregulationandratings_run-07_space-MNI152NLin2009cAsym_desc-preproc_bold.json	191	190	0.12464375625801591	0.10481432699309215	0.27985151524393415	0.9427231108455456	8.947368421052632	0.5263157894736842	0.0	17	1	0	std_dvars	190	1.8396740842105266	1.3370484999999999	4.203737949999999	5.757855	6	24	4	44	80	0	4	8	80	80	80	41.8848167539267	0	0	0	0.0	5	113	77	191	2.0	OK	HIGH_OUTLIER_BURDEN,WARN_LOW_ESTIMATED_DOF	OK	KEEP_FOR_MAIN_BUT_SENSITIVITY_EXCLUDE_CANDIDATE	OK,HIGH_OUTLIER_BURDEN,WARN_LOW_ESTIMATED_DOF,OK	True	True
<PROJECT_ROOT>/derivatives/fmriprep/sub-23/func/sub-23_task-heatpainwithregulationandratings_run-03_desc-confounds_timeseries.tsv	210d013a0fd2fcf0c95454c9e946780d1f7002f63a74400c7b99e1f983bd48d1	sub-23		heatpainwithregulationandratings	3	run-03			1	2	1	<PROJECT_ROOT>/derivatives/fmriprep/sub-23/func/sub-23_task-heatpainwithregulationandratings_run-03_space-MNI152NLin2009cAsym_desc-preproc_bold.nii.gz	<PROJECT_ROOT>/derivatives/fmriprep/sub-23/func/sub-23_task-heatpainwithregulationandratings_run-03_desc-brain_mask.nii.gz	<PROJECT_ROOT>/derivatives/fmriprep/sub-23/func/sub-23_task-heatpainwithregulationandratings_run-03_space-MNI152NLin2009cAsym_desc-preproc_bold.json	191	190	0.15656169955303925	0.13442515605178124	0.3315319485876804	0.6758204721093247	21.578947368421055	2.1052631578947367	0.0	41	4	0	std_dvars	190	1.5916929	1.359165	3.6123189499999957	4.883284	6	24	4	41	43	0	4	8	43	43	43	22.5130890052356	0	0	0	0.0	5	76	114	191	2.0	OK	WARN_OUTLIER_BURDEN	OK	KEEP_WITH_WARNING	OK,WARN_OUTLIER_BURDEN,OK	True	False
<PROJECT_ROOT>/derivatives/fmriprep/sub-23/func/sub-23_task-heatpainwithregulationandratings_run-07_desc-confounds_timeseries.tsv	e350ab2457f2be562bce016542b538b7c98168b57110eee328237b9710b84d00	sub-23		heatpainwithregulationandratings	7	run-07			1	2	1	<PROJECT_ROOT>/derivatives/fmriprep/sub-23/func/sub-23_task-heatpainwithregulationandratings_run-07_space-MNI152NLin2009cAsym_desc-preproc_bold.nii.gz	<PROJECT_ROOT>/derivatives/fmriprep/sub-23/func/sub-23_task-heatpainwithregulationandratings_run-07_desc-brain_mask.nii.gz	<PROJECT_ROOT>/derivatives/fmriprep/sub-23/func/sub-23_task-heatpainwithregulationandratings_run-07_space-MNI152NLin2009cAsym_desc-preproc_bold.json	191	190	0.18999906750873058	0.1766806970213177	0.3799131364723909	0.4998291150524445	40.0	0.0	0.0	76	0	0	std_dvars	190	1.6046829631578945	1.40026	3.1554552999999994	4.260036	6	24	4	46	58	0	4	8	58	58	58	30.36649214659686	0	0	0	0.0	5	91	99	191	2.0	OK	WARN_OUTLIER_BURDEN,WARN_LOW_ESTIMATED_DOF	OK	KEEP_FOR_MAIN_BUT_SENSITIVITY_EXCLUDE_CANDIDATE	OK,WARN_OUTLIER_BURDEN,WARN_LOW_ESTIMATED_DOF,OK	True	True
<PROJECT_ROOT>/derivatives/fmriprep/sub-24/func/sub-24_task-heatpainwithregulationandratings_run-03_desc-confounds_timeseries.tsv	7be8249521d5fe823d93da9165160c5c0293355cfe748a538aafa93a4a72a722	sub-24		heatpainwithregulationandratings	3	run-03			1	2	1	<PROJECT_ROOT>/derivatives/fmriprep/sub-24/func/sub-24_task-heatpainwithregulationandratings_run-03_space-MNI152NLin2009cAsym_desc-preproc_bold.nii.gz	<PROJECT_ROOT>/derivatives/fmriprep/sub-24/func/sub-24_task-heatpainwithregulationandratings_run-03_desc-brain_mask.nii.gz	<PROJECT_ROOT>/derivatives/fmriprep/sub-24/func/sub-24_task-heatpainwithregulationandratings_run-03_space-MNI152NLin2009cAsym_desc-preproc_bold.json	191	190	0.11923727482270399	0.1108722696301018	0.22736502519985557	0.3999449454386397	10.0	0.0	0.0	19	0	0	std_dvars	190	1.3583921631578948	1.352619	1.68833595	1.975483	6	24	4	38	48	0	4	8	48	48	48	25.13089005235602	0	0	0	0.0	5	81	109	191	2.0	OK	WARN_OUTLIER_BURDEN	OK	KEEP_WITH_WARNING	OK,WARN_OUTLIER_BURDEN,OK	True	False
<PROJECT_ROOT>/derivatives/fmriprep/sub-24/func/sub-24_task-heatpainwithregulationandratings_run-07_desc-confounds_timeseries.tsv	248643270128a394b3e39aa8be1eaadc5bf4f9df35f3a4e5d5dbe9f8a7e74762	sub-24		heatpainwithregulationandratings	7	run-07			1	2	1	<PROJECT_ROOT>/derivatives/fmriprep/sub-24/func/sub-24_task-heatpainwithregulationandratings_run-07_space-MNI152NLin2009cAsym_desc-preproc_bold.nii.gz	<PROJECT_ROOT>/derivatives/fmriprep/sub-24/func/sub-24_task-heatpainwithregulationandratings_run-07_desc-brain_mask.nii.gz	<PROJECT_ROOT>/derivatives/fmriprep/sub-24/func/sub-24_task-heatpainwithregulationandratings_run-07_space-MNI152NLin2009cAsym_desc-preproc_bold.json	191	190	0.14361360221679284	0.1214750926166244	0.35280860630876737	0.4271535868592171	20.0	0.0	0.0	38	0	0	std_dvars	190	1.343660752631579	1.3522690000000002	1.7910576999999999	1.981599	6	24	4	35	47	0	4	8	47	47	47	24.60732984293194	0	0	0	0.0	5	80	110	191	2.0	OK	WARN_OUTLIER_BURDEN	OK	KEEP_WITH_WARNING	OK,WARN_OUTLIER_BURDEN,OK	True	False
<PROJECT_ROOT>/derivatives/fmriprep/sub-25/func/sub-25_task-heatpainwithregulationandratings_run-03_desc-confounds_timeseries.tsv	ad5f5a2e58d5222cef9c40d4bd837ed04ddb740ea910aed1ed1ffc0c9f1d7b71	sub-25		heatpainwithregulationandratings	3	run-03			1	2	1	<PROJECT_ROOT>/derivatives/fmriprep/sub-25/func/sub-25_task-heatpainwithregulationandratings_run-03_space-MNI152NLin2009cAsym_desc-preproc_bold.nii.gz	<PROJECT_ROOT>/derivatives/fmriprep/sub-25/func/sub-25_task-heatpainwithregulationandratings_run-03_desc-brain_mask.nii.gz	<PROJECT_ROOT>/derivatives/fmriprep/sub-25/func/sub-25_task-heatpainwithregulationandratings_run-03_space-MNI152NLin2009cAsym_desc-preproc_bold.json	191	190	0.1229044852745677	0.08974734467956605	0.32519674323011566	0.5941023343286733	13.157894736842104	2.1052631578947367	0.0	25	4	0	std_dvars	190	1.5368272263157896	1.4193675	2.5284797999999995	3.774013	6	24	4	52	72	0	4	8	72	72	72	37.696335078534034	0	0	0	0.0	5	105	85	191	2.0	OK	HIGH_OUTLIER_BURDEN,WARN_LOW_ESTIMATED_DOF	OK	KEEP_FOR_MAIN_BUT_SENSITIVITY_EXCLUDE_CANDIDATE	OK,HIGH_OUTLIER_BURDEN,WARN_LOW_ESTIMATED_DOF,OK	True	True
<PROJECT_ROOT>/derivatives/fmriprep/sub-25/func/sub-25_task-heatpainwithregulationandratings_run-07_desc-confounds_timeseries.tsv	120803c55c7b07d6fd8e2f55e5bfb3c95b4f37ad48c267a4a41e6a8ae7501a72	sub-25		heatpainwithregulationandratings	7	run-07			1	2	1	<PROJECT_ROOT>/derivatives/fmriprep/sub-25/func/sub-25_task-heatpainwithregulationandratings_run-07_space-MNI152NLin2009cAsym_desc-preproc_bold.nii.gz	<PROJECT_ROOT>/derivatives/fmriprep/sub-25/func/sub-25_task-heatpainwithregulationandratings_run-07_desc-brain_mask.nii.gz	<PROJECT_ROOT>/derivatives/fmriprep/sub-25/func/sub-25_task-heatpainwithregulationandratings_run-07_space-MNI152NLin2009cAsym_desc-preproc_bold.json	191	190	0.26062340243169413	0.173590047884763	0.7566881823619425	1.605968136410505	43.684210526315795	12.631578947368421	1.5789473684210527	83	24	3	std_dvars	190	1.2864012368421052	1.1193870000000001	1.9637064499999992	6.053664	6	24	4	33	47	0	4	8	47	47	47	24.60732984293194	0	0	0	0.0	5	80	110	191	2.0	WARN_FD_MEAN,BAD_FD_GT_0.5	WARN_OUTLIER_BURDEN	OK	KEEP_FOR_MAIN_BUT_SENSITIVITY_EXCLUDE_CANDIDATE	WARN_FD_MEAN,BAD_FD_GT_0.5,WARN_OUTLIER_BURDEN,OK	True	True
<PROJECT_ROOT>/derivatives/fmriprep/sub-26/func/sub-26_task-heatpainwithregulationandratings_run-03_desc-confounds_timeseries.tsv	502a029eb35f08509712f3e98928e68bc634b4ff5dd6a9d5f2aa1bfec716860f	sub-26		heatpainwithregulationandratings	3	run-03			1	2	1	<PROJECT_ROOT>/derivatives/fmriprep/sub-26/func/sub-26_task-heatpainwithregulationandratings_run-03_space-MNI152NLin2009cAsym_desc-preproc_bold.nii.gz	<PROJECT_ROOT>/derivatives/fmriprep/sub-26/func/sub-26_task-heatpainwithregulationandratings_run-03_desc-brain_mask.nii.gz	<PROJECT_ROOT>/derivatives/fmriprep/sub-26/func/sub-26_task-heatpainwithregulationandratings_run-03_space-MNI152NLin2009cAsym_desc-preproc_bold.json	191	190	0.11376520451242787	0.10019279500175546	0.23989440137802814	0.4755762669233804	8.421052631578947	0.0	0.0	16	0	0	std_dvars	190	1.3106973631578946	1.2617120000000002	1.8106228999999987	2.234273	6	24	4	42	28	0	4	8	28	28	28	14.659685863874344	0	0	0	0.0	5	61	129	191	2.0	OK	OK	OK	KEEP	OK	True	False
<PROJECT_ROOT>/derivatives/fmriprep/sub-26/func/sub-26_task-heatpainwithregulationandratings_run-07_desc-confounds_timeseries.tsv	7ed354d3e0b9e41bb98f5b8498c4d3550c038d2f186e40315db6dc43223adce4	sub-26		heatpainwithregulationandratings	7	run-07			1	2	1	<PROJECT_ROOT>/derivatives/fmriprep/sub-26/func/sub-26_task-heatpainwithregulationandratings_run-07_space-MNI152NLin2009cAsym_desc-preproc_bold.nii.gz	<PROJECT_ROOT>/derivatives/fmriprep/sub-26/func/sub-26_task-heatpainwithregulationandratings_run-07_desc-brain_mask.nii.gz	<PROJECT_ROOT>/derivatives/fmriprep/sub-26/func/sub-26_task-heatpainwithregulationandratings_run-07_space-MNI152NLin2009cAsym_desc-preproc_bold.json	191	190	0.11972733865443776	0.10472385745601245	0.24842210550467744	0.4129907602947838	10.0	0.0	0.0	19	0	0	std_dvars	190	1.6883518736842105	1.4936574999999999	3.1302384499999993	4.070831	6	24	4	44	94	0	4	8	94	94	94	49.21465968586388	0	0	0	0.0	5	127	63	191	2.0	OK	HIGH_OUTLIER_BURDEN,WARN_LOW_ESTIMATED_DOF	OK	KEEP_FOR_MAIN_BUT_SENSITIVITY_EXCLUDE_CANDIDATE	OK,HIGH_OUTLIER_BURDEN,WARN_LOW_ESTIMATED_DOF,OK	True	True
<PROJECT_ROOT>/derivatives/fmriprep/sub-27/func/sub-27_task-heatpainwithregulationandratings_run-03_desc-confounds_timeseries.tsv	96d9237ee6ebae629f84b7e2805792b401cfaf6716f7df5f268b47620f3db1f0	sub-27		heatpainwithregulationandratings	3	run-03			1	2	1	<PROJECT_ROOT>/derivatives/fmriprep/sub-27/func/sub-27_task-heatpainwithregulationandratings_run-03_space-MNI152NLin2009cAsym_desc-preproc_bold.nii.gz	<PROJECT_ROOT>/derivatives/fmriprep/sub-27/func/sub-27_task-heatpainwithregulationandratings_run-03_desc-brain_mask.nii.gz	<PROJECT_ROOT>/derivatives/fmriprep/sub-27/func/sub-27_task-heatpainwithregulationandratings_run-03_space-MNI152NLin2009cAsym_desc-preproc_bold.json	191	190	0.1541138506005515	0.12420298013332165	0.3266480321283058	1.078944222295748	17.36842105263158	2.1052631578947367	0.5263157894736842	33	4	1	std_dvars	190	1.663870605263158	1.58827	2.6348997	6.213345	6	24	4	40	111	0	4	8	111	111	111	58.1151832460733	0	0	0	0.0	5	144	46	191	2.0	OK	HIGH_OUTLIER_BURDEN,SEVERE_LOW_ESTIMATED_DOF	OK	KEEP_FOR_MAIN_BUT_SENSITIVITY_EXCLUDE_CANDIDATE	OK,HIGH_OUTLIER_BURDEN,SEVERE_LOW_ESTIMATED_DOF,OK	True	True
<PROJECT_ROOT>/derivatives/fmriprep/sub-27/func/sub-27_task-heatpainwithregulationandratings_run-07_desc-confounds_timeseries.tsv	1d88f50043fbd70ae900034fd33560c3a0ed7ddc32d9d51a75d1ae3f6e7c50a4	sub-27		heatpainwithregulationandratings	7	run-07			1	2	1	<PROJECT_ROOT>/derivatives/fmriprep/sub-27/func/sub-27_task-heatpainwithregulationandratings_run-07_space-MNI152NLin2009cAsym_desc-preproc_bold.nii.gz	<PROJECT_ROOT>/derivatives/fmriprep/sub-27/func/sub-27_task-heatpainwithregulationandratings_run-07_desc-brain_mask.nii.gz	<PROJECT_ROOT>/derivatives/fmriprep/sub-27/func/sub-27_task-heatpainwithregulationandratings_run-07_space-MNI152NLin2009cAsym_desc-preproc_bold.json	191	190	0.2152135725300343	0.18322556096338138	0.5649363924335589	1.0165053795028096	43.684210526315795	7.368421052631578	0.5263157894736842	83	14	1	std_dvars	190	1.247122357894737	0.9975255000000001	2.7097979499999965	5.162047	6	24	4	33	36	0	4	8	36	36	36	18.848167539267017	0	0	0	0.0	5	69	121	191	2.0	WARN_FD_MEAN,WARN_FD_GT_0.5	OK	OK	KEEP_WITH_WARNING	WARN_FD_MEAN,WARN_FD_GT_0.5,OK,OK	True	False
<PROJECT_ROOT>/derivatives/fmriprep/sub-28/func/sub-28_task-heatpainwithregulationandratings_run-03_desc-confounds_timeseries.tsv	cb32c3434292ac2422b9916f3edb0c4cbb83bcea6fc3af91e6f406ad06e4a6e9	sub-28		heatpainwithregulationandratings	3	run-03			1	2	1	<PROJECT_ROOT>/derivatives/fmriprep/sub-28/func/sub-28_task-heatpainwithregulationandratings_run-03_space-MNI152NLin2009cAsym_desc-preproc_bold.nii.gz	<PROJECT_ROOT>/derivatives/fmriprep/sub-28/func/sub-28_task-heatpainwithregulationandratings_run-03_desc-brain_mask.nii.gz	<PROJECT_ROOT>/derivatives/fmriprep/sub-28/func/sub-28_task-heatpainwithregulationandratings_run-03_space-MNI152NLin2009cAsym_desc-preproc_bold.json	191	190	0.17999719137387415	0.170178223920437	0.31487780576812424	0.5121826348860802	36.31578947368421	0.5263157894736842	0.0	69	1	0	std_dvars	190	1.2847200210526317	1.2678530000000001	1.5994596999999997	1.799574	6	24	4	46	22	0	4	8	22	22	22	11.518324607329843	0	0	0	0.0	5	55	135	191	2.0	OK	OK	OK	KEEP	OK	True	False
<PROJECT_ROOT>/derivatives/fmriprep/sub-28/func/sub-28_task-heatpainwithregulationandratings_run-07_desc-confounds_timeseries.tsv	942eebf0fef895fe8bc075238b063db6207f18265b42bd6cacf7e2498fb1a6cb	sub-28		heatpainwithregulationandratings	7	run-07			1	2	1	<PROJECT_ROOT>/derivatives/fmriprep/sub-28/func/sub-28_task-heatpainwithregulationandratings_run-07_space-MNI152NLin2009cAsym_desc-preproc_bold.nii.gz	<PROJECT_ROOT>/derivatives/fmriprep/sub-28/func/sub-28_task-heatpainwithregulationandratings_run-07_desc-brain_mask.nii.gz	<PROJECT_ROOT>/derivatives/fmriprep/sub-28/func/sub-28_task-heatpainwithregulationandratings_run-07_space-MNI152NLin2009cAsym_desc-preproc_bold.json	191	190	0.21964586886367818	0.1894348990445853	0.4489077887118424	0.9908827491977032	46.31578947368421	4.2105263157894735	0.0	88	8	0	std_dvars	190	1.3506195631578946	1.2914530000000002	2.115379799999999	2.521385	6	24	4	41	47	0	4	8	47	47	47	24.60732984293194	0	0	0	0.0	5	80	110	191	2.0	WARN_FD_MEAN	WARN_OUTLIER_BURDEN	OK	KEEP_WITH_WARNING	WARN_FD_MEAN,WARN_OUTLIER_BURDEN,OK	True	False
<PROJECT_ROOT>/derivatives/fmriprep/sub-29/func/sub-29_task-heatpainwithregulationandratings_run-03_desc-confounds_timeseries.tsv	9930e9b27e3a4b7228e66de8cbf05061b882567f2e9de91db86ee04c576b4cd6	sub-29		heatpainwithregulationandratings	3	run-03			1	2	1	<PROJECT_ROOT>/derivatives/fmriprep/sub-29/func/sub-29_task-heatpainwithregulationandratings_run-03_space-MNI152NLin2009cAsym_desc-preproc_bold.nii.gz	<PROJECT_ROOT>/derivatives/fmriprep/sub-29/func/sub-29_task-heatpainwithregulationandratings_run-03_desc-brain_mask.nii.gz	<PROJECT_ROOT>/derivatives/fmriprep/sub-29/func/sub-29_task-heatpainwithregulationandratings_run-03_space-MNI152NLin2009cAsym_desc-preproc_bold.json	191	190	0.299184017868133	0.2398709607865004	0.7028472374722573	1.6479293229046774	61.578947368421055	13.157894736842104	1.0526315789473684	117	25	2	std_dvars	190	1.3348921263157894	1.144296	2.448885599999999	3.685826	6	24	4	38	62	0	4	8	62	62	62	32.460732984293195	0	0	0	0.0	5	95	95	191	2.0	WARN_FD_MEAN,BAD_FD_GT_0.5	WARN_OUTLIER_BURDEN,WARN_LOW_ESTIMATED_DOF	OK	KEEP_FOR_MAIN_BUT_SENSITIVITY_EXCLUDE_CANDIDATE	WARN_FD_MEAN,BAD_FD_GT_0.5,WARN_OUTLIER_BURDEN,WARN_LOW_ESTIMATED_DOF,OK	True	True
<PROJECT_ROOT>/derivatives/fmriprep/sub-29/func/sub-29_task-heatpainwithregulationandratings_run-07_desc-confounds_timeseries.tsv	d946d72eb2d6dc6b3dc2f16b52a4dd2164b6efc36de46039effed5dc05cbf52b	sub-29		heatpainwithregulationandratings	7	run-07			1	2	1	<PROJECT_ROOT>/derivatives/fmriprep/sub-29/func/sub-29_task-heatpainwithregulationandratings_run-07_space-MNI152NLin2009cAsym_desc-preproc_bold.nii.gz	<PROJECT_ROOT>/derivatives/fmriprep/sub-29/func/sub-29_task-heatpainwithregulationandratings_run-07_desc-brain_mask.nii.gz	<PROJECT_ROOT>/derivatives/fmriprep/sub-29/func/sub-29_task-heatpainwithregulationandratings_run-07_space-MNI152NLin2009cAsym_desc-preproc_bold.json	191	190	0.2163296095914286	0.2047889420787556	0.3671054723074053	0.6196999455018067	52.63157894736842	0.5263157894736842	0.0	100	1	0	std_dvars	190	1.4432763631578946	1.3492115	2.128286149999999	3.72291	6	24	4	44	66	0	4	8	66	66	66	34.55497382198953	0	0	0	0.0	5	99	91	191	2.0	WARN_FD_MEAN	WARN_OUTLIER_BURDEN,WARN_LOW_ESTIMATED_DOF	OK	KEEP_FOR_MAIN_BUT_SENSITIVITY_EXCLUDE_CANDIDATE	WARN_FD_MEAN,WARN_OUTLIER_BURDEN,WARN_LOW_ESTIMATED_DOF,OK	True	True
<PROJECT_ROOT>/derivatives/fmriprep/sub-30/func/sub-30_task-heatpainwithregulationandratings_run-03_desc-confounds_timeseries.tsv	d1b571c954c4d3827ac78682645e91105e3af5ac3e5e10d52f2bf4b3fbe8183d	sub-30		heatpainwithregulationandratings	3	run-03			1	2	1	<PROJECT_ROOT>/derivatives/fmriprep/sub-30/func/sub-30_task-heatpainwithregulationandratings_run-03_space-MNI152NLin2009cAsym_desc-preproc_bold.nii.gz	<PROJECT_ROOT>/derivatives/fmriprep/sub-30/func/sub-30_task-heatpainwithregulationandratings_run-03_desc-brain_mask.nii.gz	<PROJECT_ROOT>/derivatives/fmriprep/sub-30/func/sub-30_task-heatpainwithregulationandratings_run-03_space-MNI152NLin2009cAsym_desc-preproc_bold.json	191	190	0.10759675819708721	0.10051626460985835	0.19479281767307882	0.3114890642090009	4.2105263157894735	0.0	0.0	8	0	0	std_dvars	190	2.0921517736842103	1.9063724999999998	3.7491749	5.410314	6	24	4	51	152	0	4	8	152	152	152	79.58115183246073	0	0	0	0.0	5	185	5	191	2.0	OK	HIGH_OUTLIER_BURDEN,SEVERE_LOW_ESTIMATED_DOF	OK	KEEP_FOR_MAIN_BUT_SENSITIVITY_EXCLUDE_CANDIDATE	OK,HIGH_OUTLIER_BURDEN,SEVERE_LOW_ESTIMATED_DOF,OK	True	True
<PROJECT_ROOT>/derivatives/fmriprep/sub-30/func/sub-30_task-heatpainwithregulationandratings_run-07_desc-confounds_timeseries.tsv	7e0c6977a9a51d45cee4f1fd3c192570b386fefd6eb2c35ca7f4baee1733e6dd	sub-30		heatpainwithregulationandratings	7	run-07			1	2	1	<PROJECT_ROOT>/derivatives/fmriprep/sub-30/func/sub-30_task-heatpainwithregulationandratings_run-07_space-MNI152NLin2009cAsym_desc-preproc_bold.nii.gz	<PROJECT_ROOT>/derivatives/fmriprep/sub-30/func/sub-30_task-heatpainwithregulationandratings_run-07_desc-brain_mask.nii.gz	<PROJECT_ROOT>/derivatives/fmriprep/sub-30/func/sub-30_task-heatpainwithregulationandratings_run-07_space-MNI152NLin2009cAsym_desc-preproc_bold.json	191	190	0.1282320670259683	0.0971513647030762	0.3077718142305743	0.8021778169744987	13.157894736842104	2.631578947368421	0.0	25	5	0	std_dvars	190	1.6621046947368419	1.462629	3.0054838	5.312208	6	24	4	43	86	0	4	8	86	86	86	45.0261780104712	0	0	0	0.0	5	119	71	191	2.0	OK	HIGH_OUTLIER_BURDEN,WARN_LOW_ESTIMATED_DOF	OK	KEEP_FOR_MAIN_BUT_SENSITIVITY_EXCLUDE_CANDIDATE	OK,HIGH_OUTLIER_BURDEN,WARN_LOW_ESTIMATED_DOF,OK	True	True
<PROJECT_ROOT>/derivatives/fmriprep/sub-31/func/sub-31_task-heatpainwithregulationandratings_run-03_desc-confounds_timeseries.tsv	eb7f3245b365a4cec1420cc52b423e898676315c734de3cda018ad56968430d5	sub-31		heatpainwithregulationandratings	3	run-03			1	2	1	<PROJECT_ROOT>/derivatives/fmriprep/sub-31/func/sub-31_task-heatpainwithregulationandratings_run-03_space-MNI152NLin2009cAsym_desc-preproc_bold.nii.gz	<PROJECT_ROOT>/derivatives/fmriprep/sub-31/func/sub-31_task-heatpainwithregulationandratings_run-03_desc-brain_mask.nii.gz	<PROJECT_ROOT>/derivatives/fmriprep/sub-31/func/sub-31_task-heatpainwithregulationandratings_run-03_space-MNI152NLin2009cAsym_desc-preproc_bold.json	191	190	0.11570484771781085	0.1070688949932853	0.20985355143548717	0.3440475573863594	5.7894736842105265	0.0	0.0	11	0	0	std_dvars	190	1.3994608947368419	1.229437	3.183766699999999	4.399339	6	24	4	52	19	0	4	8	19	19	19	9.947643979057592	0	0	0	0.0	5	52	138	191	2.0	OK	OK	OK	KEEP	OK	True	False
<PROJECT_ROOT>/derivatives/fmriprep/sub-31/func/sub-31_task-heatpainwithregulationandratings_run-07_desc-confounds_timeseries.tsv	3581b0d3a1591d3ca49be9d780e98411b2ffc7fe39d52e86808ec8cf18258a2c	sub-31		heatpainwithregulationandratings	7	run-07			1	2	1	<PROJECT_ROOT>/derivatives/fmriprep/sub-31/func/sub-31_task-heatpainwithregulationandratings_run-07_space-MNI152NLin2009cAsym_desc-preproc_bold.nii.gz	<PROJECT_ROOT>/derivatives/fmriprep/sub-31/func/sub-31_task-heatpainwithregulationandratings_run-07_desc-brain_mask.nii.gz	<PROJECT_ROOT>/derivatives/fmriprep/sub-31/func/sub-31_task-heatpainwithregulationandratings_run-07_space-MNI152NLin2009cAsym_desc-preproc_bold.json	191	190	0.11236071739777806	0.10397135381880805	0.19199797714149483	0.4017167477472805	4.2105263157894735	0.0	0.0	8	0	0	std_dvars	190	1.3319272263157895	1.3202845	1.5101899499999996	4.322047	6	24	4	51	10	2	4	8	10	10	10	5.2356020942408374	2	2	2	1.0471204188481675	5	45	145	191	2.0	OK	OK	OK	KEEP	OK	True	False
<PROJECT_ROOT>/derivatives/fmriprep/sub-32/func/sub-32_task-heatpainwithregulationandratings_run-03_desc-confounds_timeseries.tsv	ec5b8b71827a0dc0e2b2bd3c6e880c086e2589141511ac06baf5b1c3ec7fe444	sub-32		heatpainwithregulationandratings	3	run-03			1	2	1	<PROJECT_ROOT>/derivatives/fmriprep/sub-32/func/sub-32_task-heatpainwithregulationandratings_run-03_space-MNI152NLin2009cAsym_desc-preproc_bold.nii.gz	<PROJECT_ROOT>/derivatives/fmriprep/sub-32/func/sub-32_task-heatpainwithregulationandratings_run-03_desc-brain_mask.nii.gz	<PROJECT_ROOT>/derivatives/fmriprep/sub-32/func/sub-32_task-heatpainwithregulationandratings_run-03_space-MNI152NLin2009cAsym_desc-preproc_bold.json	191	190	0.11034027005852674	0.11036691031290505	0.19485919582212746	0.235239502803972	4.736842105263158	0.0	0.0	9	0	0	std_dvars	190	1.4188183157894736	1.3394915	2.0133437499999984	3.191987	6	24	4	55	46	0	4	8	46	46	46	24.083769633507853	0	0	0	0.0	5	79	111	191	2.0	OK	WARN_OUTLIER_BURDEN	OK	KEEP_WITH_WARNING	OK,WARN_OUTLIER_BURDEN,OK	True	False
<PROJECT_ROOT>/derivatives/fmriprep/sub-32/func/sub-32_task-heatpainwithregulationandratings_run-07_desc-confounds_timeseries.tsv	8f2d16f5cdc0558be2ed25ad377991ee0a9ddc13a2e3cf7f971baae4f05bed26	sub-32		heatpainwithregulationandratings	7	run-07			1	2	1	<PROJECT_ROOT>/derivatives/fmriprep/sub-32/func/sub-32_task-heatpainwithregulationandratings_run-07_space-MNI152NLin2009cAsym_desc-preproc_bold.nii.gz	<PROJECT_ROOT>/derivatives/fmriprep/sub-32/func/sub-32_task-heatpainwithregulationandratings_run-07_desc-brain_mask.nii.gz	<PROJECT_ROOT>/derivatives/fmriprep/sub-32/func/sub-32_task-heatpainwithregulationandratings_run-07_space-MNI152NLin2009cAsym_desc-preproc_bold.json	191	190	0.09689543217280012	0.0877382547299923	0.1884900983264349	0.2266904878441488	3.1578947368421053	0.0	0.0	6	0	0	std_dvars	190	2.0870618684210522	2.0066319999999997	3.39737105	4.170132	6	24	4	54	137	0	4	8	137	137	137	71.72774869109948	0	0	0	0.0	5	170	20	191	2.0	OK	HIGH_OUTLIER_BURDEN,SEVERE_LOW_ESTIMATED_DOF	OK	KEEP_FOR_MAIN_BUT_SENSITIVITY_EXCLUDE_CANDIDATE	OK,HIGH_OUTLIER_BURDEN,SEVERE_LOW_ESTIMATED_DOF,OK	True	True
<PROJECT_ROOT>/derivatives/fmriprep/sub-33/func/sub-33_task-heatpainwithregulationandratings_run-03_desc-confounds_timeseries.tsv	224f03aa4f8bf1e7e99210960f2512903ece005b895bc6515af03713902192e9	sub-33		heatpainwithregulationandratings	3	run-03			1	2	1	<PROJECT_ROOT>/derivatives/fmriprep/sub-33/func/sub-33_task-heatpainwithregulationandratings_run-03_space-MNI152NLin2009cAsym_desc-preproc_bold.nii.gz	<PROJECT_ROOT>/derivatives/fmriprep/sub-33/func/sub-33_task-heatpainwithregulationandratings_run-03_desc-brain_mask.nii.gz	<PROJECT_ROOT>/derivatives/fmriprep/sub-33/func/sub-33_task-heatpainwithregulationandratings_run-03_space-MNI152NLin2009cAsym_desc-preproc_bold.json	191	190	0.11138564595864395	0.10707862038050744	0.2002744821453622	0.2768749593864035	5.263157894736842	0.0	0.0	10	0	0	std_dvars	190	1.9077546315789475	1.5596679999999998	3.7309940999999998	4.131485	6	24	4	49	104	0	4	8	104	104	104	54.45026178010471	0	0	0	0.0	5	137	53	191	2.0	OK	HIGH_OUTLIER_BURDEN,WARN_LOW_ESTIMATED_DOF	OK	KEEP_FOR_MAIN_BUT_SENSITIVITY_EXCLUDE_CANDIDATE	OK,HIGH_OUTLIER_BURDEN,WARN_LOW_ESTIMATED_DOF,OK	True	True
<PROJECT_ROOT>/derivatives/fmriprep/sub-33/func/sub-33_task-heatpainwithregulationandratings_run-07_desc-confounds_timeseries.tsv	0dd39ed385d931e43ee3ba4a2c031abd9510e08ad7f37c54879d632cdd888bb2	sub-33		heatpainwithregulationandratings	7	run-07			1	2	1	<PROJECT_ROOT>/derivatives/fmriprep/sub-33/func/sub-33_task-heatpainwithregulationandratings_run-07_space-MNI152NLin2009cAsym_desc-preproc_bold.nii.gz	<PROJECT_ROOT>/derivatives/fmriprep/sub-33/func/sub-33_task-heatpainwithregulationandratings_run-07_desc-brain_mask.nii.gz	<PROJECT_ROOT>/derivatives/fmriprep/sub-33/func/sub-33_task-heatpainwithregulationandratings_run-07_space-MNI152NLin2009cAsym_desc-preproc_bold.json	191	190	0.12383873883801481	0.11336728467079064	0.21099435058664276	0.663747577699153	7.894736842105263	1.0526315789473684	0.0	15	2	0	std_dvars	190	1.6405733157894735	1.5067995	2.8075213499999983	4.199177	6	24	4	48	95	0	4	8	95	95	95	49.73821989528796	0	0	0	0.0	5	128	62	191	2.0	OK	HIGH_OUTLIER_BURDEN,WARN_LOW_ESTIMATED_DOF	OK	KEEP_FOR_MAIN_BUT_SENSITIVITY_EXCLUDE_CANDIDATE	OK,HIGH_OUTLIER_BURDEN,WARN_LOW_ESTIMATED_DOF,OK	True	True
