roi	roi_safe	mask_path	family	priority	source_requested	source_used	source_file	hemi	status	targets	used_labels	used_values	n_vox_source	n_vox_
sensory_S1_L	sensory_S1_L	<PROJECT_ROOT>/derivatives/roi_masks_analysis/masks/sensory_S1_L.nii.gz	targeted_sensory	P1	HCPex	HCPex	<PROJECT_ROOT>/derivatives/atlases_external/atlases_for_ds000140/HCPex/HCPex-main/HCPex.1/HCPex_2mm.nii	L	OK	3a;3b;1;2	1;2;3a;3b	27;28;29;30	2315.0	757
sensory_S1_R	sensory_S1_R	<PROJECT_ROOT>/derivatives/roi_masks_analysis/masks/sensory_S1_R.nii.gz	targeted_sensory	P1	HCPex	HCPex	<PROJECT_ROOT>/derivatives/atlases_external/atlases_for_ds000140/HCPex/HCPex-main/HCPex.1/HCPex_2mm.nii	R	OK	3a;3b;1;2	1;2;3a;3b	207;208;209;210	2145.0	718
sensory_insula_all_L	sensory_insula_all_L	<PROJECT_ROOT>/derivatives/roi_masks_analysis/masks/sensory_insula_all_L.nii.gz	targeted_sensory	P1	HCPex	HCPex	<PROJECT_ROOT>/derivatives/atlases_external/atlases_for_ds000140/HCPex/HCPex-main/HCPex.1/HCPex_2mm.nii	L	OK	poI1;poI2;Ig;MI;PI;Pir;AVI;AAIC	AAIC;AVI;Ig;MI;PI;Pir;PoI1;PoI2	68;69;74;75;76;77;78;79	1787.0	600
sensory_insula_all_R	sensory_insula_all_R	<PROJECT_ROOT>/derivatives/roi_masks_analysis/masks/sensory_insula_all_R.nii.gz	targeted_sensory	P1	HCPex	HCPex	<PROJECT_ROOT>/derivatives/atlases_external/atlases_for_ds000140/HCPex/HCPex-main/HCPex.1/HCPex_2mm.nii	R	OK	poI1;poI2;Ig;MI;PI;Pir;AVI;AAIC	AAIC;AVI;Ig;MI;PI;Pir;PoI1;PoI2	248;249;254;255;256;257;258;259	1744.0	618
sensory_posterior_insula_L	sensory_posterior_insula_L	<PROJECT_ROOT>/derivatives/roi_masks_analysis/masks/sensory_posterior_insula_L.nii.gz	targeted_sensory	P1	HCPex	HCPex	<PROJECT_ROOT>/derivatives/atlases_external/atlases_for_ds000140/HCPex/HCPex-main/HCPex.1/HCPex_2mm.nii	L	OK	poI1;poI2;PI	PI;PoI1;PoI2	76;78;79	705.0	245
sensory_posterior_insula_R	sensory_posterior_insula_R	<PROJECT_ROOT>/derivatives/roi_masks_analysis/masks/sensory_posterior_insula_R.nii.gz	targeted_sensory	P1	HCPex	HCPex	<PROJECT_ROOT>/derivatives/atlases_external/atlases_for_ds000140/HCPex/HCPex-main/HCPex.1/HCPex_2mm.nii	R	OK	poI1;poI2;PI	PI;PoI1;PoI2	256;258;259	699.0	249
sensory_S2_operculum_L	sensory_S2_operculum_L	<PROJECT_ROOT>/derivatives/roi_masks_analysis/masks/sensory_S2_operculum_L.nii.gz	targeted_sensory	P1	HCPex	HCPex	<PROJECT_ROOT>/derivatives/atlases_external/atlases_for_ds000140/HCPex/HCPex-main/HCPex.1/HCPex_2mm.nii	L	OK	OP1;OP2-3;OP4	OP1;OP2-3;OP4	50;51;52	572.0	189
sensory_S2_operculum_R	sensory_S2_operculum_R	<PROJECT_ROOT>/derivatives/roi_masks_analysis/masks/sensory_S2_operculum_R.nii.gz	targeted_sensory	P1	HCPex	HCPex	<PROJECT_ROOT>/derivatives/atlases_external/atlases_for_ds000140/HCPex/HCPex-main/HCPex.1/HCPex_2mm.nii	R	OK	OP1;OP2-3;OP4	OP1;OP2-3;OP4	230;231;232	530.0	175
sensory_dACC_MCC	sensory_dACC_MCC	<PROJECT_ROOT>/derivatives/roi_masks_analysis/masks/sensory_dACC_MCC.nii.gz	targeted_sensory	P1	HCPex	HCPex	<PROJECT_ROOT>/derivatives/atlases_external/atlases_for_ds000140/HCPex/HCPex-main/HCPex.1/HCPex_2mm.nii		OK	24dd;24dv;p24;p24pr;d32	24dd;24dv;d32;p24;p24pr	33;34;143;144;145;213;214;323;324;325	2556.0	826
sensory_thalamus_L	sensory_thalamus_L	<PROJECT_ROOT>/derivatives/roi_masks_analysis/masks/sensory_thalamus_L.nii.gz	targeted_sensory	P1	Tian_or_HCPex	Tian	<PROJECT_ROOT>/derivatives/atlases_external/atlases_for_ds000140/Tian/Tian2020MSA/3T/Subcortex-Only/Tian_Subcortex_S4_3T_2009cAsym.nii.gz	L	OK	re:thal|tha|thalam	THA-VAip-lh;THA-VAia-lh;THA-VPm-lh;THA-VPl-lh;THA-VAs-lh;THA-DAm-lh;THA-DAl-lh;THA-DP-lh	30;31;35;36;37;38;39;50	1411.0	501
sensory_thalamus_R	sensory_thalamus_R	<PROJECT_ROOT>/derivatives/roi_masks_analysis/masks/sensory_thalamus_R.nii.gz	targeted_sensory	P1	Tian_or_HCPex	Tian	<PROJECT_ROOT>/derivatives/atlases_external/atlases_for_ds000140/Tian/Tian2020MSA/3T/Subcortex-Only/Tian_Subcortex_S4_3T_2009cAsym.nii.gz	R	OK	re:thal|tha|thalam	THA-VAip-rh;THA-VAia-rh;THA-VPm-rh;THA-VPl-rh;THA-VAs-rh;THA-DAm-rh;THA-DAl-rh;THA-DP-rh	3;4;8;9;10;11;12;23	1255.0	437
reg_anterior_insula_L	reg_anterior_insula_L	<PROJECT_ROOT>/derivatives/roi_masks_analysis/masks/reg_anterior_insula_L.nii.gz	targeted_regulatory_value	P2	HCPex	HCPex	<PROJECT_ROOT>/derivatives/atlases_external/atlases_for_ds000140/HCPex/HCPex-main/HCPex.1/HCPex_2mm.nii	L	OK	AAIC;AVI;MI	AAIC;AVI;MI	68;69;75	684.0	216
reg_anterior_insula_R	reg_anterior_insula_R	<PROJECT_ROOT>/derivatives/roi_masks_analysis/masks/reg_anterior_insula_R.nii.gz	targeted_regulatory_value	P2	HCPex	HCPex	<PROJECT_ROOT>/derivatives/atlases_external/atlases_for_ds000140/HCPex/HCPex-main/HCPex.1/HCPex_2mm.nii	R	OK	AAIC;AVI;MI	AAIC;AVI;MI	248;249;255	684.0	229
reg_pgACC_rACC	reg_pgACC_rACC	<PROJECT_ROOT>/derivatives/roi_masks_analysis/masks/reg_pgACC_rACC.nii.gz	targeted_regulatory_value	P1	HCPex	HCPex	<PROJECT_ROOT>/derivatives/atlases_external/atlases_for_ds000140/HCPex/HCPex-main/HCPex.1/HCPex_2mm.nii		OK	a24;a24pr;p32;p32pr;s32;25	25;a24;a24pr;p32;p32pr;s32	136;140;141;146;147;149;316;320;321;326;327;329	2297.0	771
reg_vmPFC	reg_vmPFC	<PROJECT_ROOT>/derivatives/roi_masks_analysis/masks/reg_vmPFC.nii.gz	targeted_regulatory_value	P1	HCPex	HCPex	<PROJECT_ROOT>/derivatives/atlases_external/atlases_for_ds000140/HCPex/HCPex-main/HCPex.1/HCPex_2mm.nii		OK	10r;10v;25	10r;10v;25	134;135;136;314;315;316	1687.0	545
reg_mOFC	reg_mOFC	<PROJECT_ROOT>/derivatives/roi_masks_analysis/masks/reg_mOFC.nii.gz	targeted_regulatory_value	P1	HCPex	HCPex	<PROJECT_ROOT>/derivatives/atlases_external/atlases_for_ds000140/HCPex/HCPex-main/HCPex.1/HCPex_2mm.nii		OK	pOFC;OFC	pOFC;OFC	148;157;328;337	1883.0	649
reg_vmPFC_mOFC	reg_vmPFC_mOFC	<PROJECT_ROOT>/derivatives/roi_masks_analysis/masks/reg_vmPFC_mOFC.nii.gz	targeted_regulatory_value	P1	HCPex	HCPex	<PROJECT_ROOT>/derivatives/atlases_external/atlases_for_ds000140/HCPex/HCPex-main/HCPex.1/HCPex_2mm.nii		OK	10r;10v;25;pOFC;OFC	10r;10v;25;pOFC;OFC	134;135;136;148;157;314;315;316;328;337	3570.0	1194
reg_NAc_L	reg_NAc_L	<PROJECT_ROOT>/derivatives/roi_masks_analysis/masks/reg_NAc_L.nii.gz	targeted_regulatory_value	P1_small	Tian_or_HCPex	Tian	<PROJECT_ROOT>/derivatives/atlases_external/atlases_for_ds000140/Tian/Tian2020MSA/3T/Subcortex-Only/Tian_Subcortex_S4_3T_2009cAsym.nii.gz	L	OK	re:accumb|nac|acb|ventral.*striat|vstr	NAc-shell-lh;NAc-core-lh	51;52	281.0	96
reg_NAc_R	reg_NAc_R	<PROJECT_ROOT>/derivatives/roi_masks_analysis/masks/reg_NAc_R.nii.gz	targeted_regulatory_value	P1_small	Tian_or_HCPex	Tian	<PROJECT_ROOT>/derivatives/atlases_external/atlases_for_ds000140/Tian/Tian2020MSA/3T/Subcortex-Only/Tian_Subcortex_S4_3T_2009cAsym.nii.gz	R	OK	re:accumb|nac|acb|ventral.*striat|vstr	NAc-shell-rh;NAc-core-rh	24;25	255.0	89
reg_dlPFC_IFJ_L	reg_dlPFC_IFJ_L	<PROJECT_ROOT>/derivatives/roi_masks_analysis/masks/reg_dlPFC_IFJ_L.nii.gz	targeted_regulatory_value	P2	HCPex	HCPex	<PROJECT_ROOT>/derivatives/atlases_external/atlases_for_ds000140/HCPex/HCPex-main/HCPex.1/HCPex_2mm.nii	L	OK	IFJa;IFJp;IFSp;46;9-46d;9a;9p;a9-46v;p9-46v	IFJa;IFJp;IFSp;46;9-46d;9a;9p;a9-46v;p9-46v	163;164;166;168;173;174;175;176;178	3346.0	1149
reg_dlPFC_IFJ_R	reg_dlPFC_IFJ_R	<PROJECT_ROOT>/derivatives/roi_masks_analysis/masks/reg_dlPFC_IFJ_R.nii.gz	targeted_regulatory_value	P2	HCPex	HCPex	<PROJECT_ROOT>/derivatives/atlases_external/atlases_for_ds000140/HCPex/HCPex-main/HCPex.1/HCPex_2mm.nii	R	OK	IFJa;IFJp;IFSp;46;9-46d;9a;9p;a9-46v;p9-46v	IFJa;IFJp;IFSp;46;9-46d;9a;9p;a9-46v;p9-46v	343;344;346;348;353;354;355;356;358	3199.0	1116
reg_SMA_preSMA	reg_SMA_preSMA	<PROJECT_ROOT>/derivatives/roi_masks_analysis/masks/reg_SMA_preSMA.nii.gz	targeted_regulatory_value	P2	HCPex	HCPex	<PROJECT_ROOT>/derivatives/atlases_external/atlases_for_ds000140/HCPex/HCPex-main/HCPex.1/HCPex_2mm.nii		OK	SCEF;6ma;6mp	6ma;6mp;SCEF	38;39;40;218;219;220	2753.0	921
reg_caudate_L	reg_caudate_L	<PROJECT_ROOT>/derivatives/roi_masks_analysis/masks/reg_caudate_L.nii.gz	secondary_subcortical	P2	Tian_or_HCPex	HCPex_fallback	<PROJECT_ROOT>/derivatives/atlases_external/atlases_for_ds000140/HCPex/HCPex-main/HCPex.1/HCPex_2mm.nii	L	OK	re:caud	Caud	383	862.0	296
reg_caudate_R	reg_caudate_R	<PROJECT_ROOT>/derivatives/roi_masks_analysis/masks/reg_caudate_R.nii.gz	secondary_subcortical	P2	Tian_or_HCPex	HCPex_fallback	<PROJECT_ROOT>/derivatives/atlases_external/atlases_for_ds000140/HCPex/HCPex-main/HCPex.1/HCPex_2mm.nii	R	OK	re:caud	Caud	416	869.0	303
reg_putamen_L	reg_putamen_L	<PROJECT_ROOT>/derivatives/roi_masks_analysis/masks/reg_putamen_L.nii.gz	secondary_subcortical	P2	Tian_or_HCPex	Tian	<PROJECT_ROOT>/derivatives/atlases_external/atlases_for_ds000140/Tian/Tian2020MSA/3T/Subcortex-Only/Tian_Subcortex_S4_3T_2009cAsym.nii.gz	L	OK	re:put	PUT-VA-lh;PUT-DA-lh;PUT-VP-lh;PUT-DP-lh	40;41;42;43	919.0	311
reg_putamen_R	reg_putamen_R	<PROJECT_ROOT>/derivatives/roi_masks_analysis/masks/reg_putamen_R.nii.gz	secondary_subcortical	P2	Tian_or_HCPex	Tian	<PROJECT_ROOT>/derivatives/atlases_external/atlases_for_ds000140/Tian/Tian2020MSA/3T/Subcortex-Only/Tian_Subcortex_S4_3T_2009cAsym.nii.gz	R	OK	re:put	PUT-VA-rh;PUT-DA-rh;PUT-VP-rh;PUT-DP-rh	13;14;15;16	940.0	312
reg_PAG_sphere	reg_PAG_sphere	<PROJECT_ROOT>/derivatives/roi_masks_analysis/masks/reg_PAG_sphere.nii.gz	targeted_regulatory_value	P1_small	sphere	sphere	MNI_sphere		OK		MNI sphere [0, -32, -10] r=4.0			10
expl_hippocampus_L	expl_hippocampus_L	<PROJECT_ROOT>/derivatives/roi_masks_analysis/masks/expl_hippocampus_L.nii.gz	exploratory_context	P3	Tian_or_HCPex	Tian	<PROJECT_ROOT>/derivatives/atlases_external/atlases_for_ds000140/Tian/Tian2020MSA/3T/Subcortex-Only/Tian_Subcortex_S4_3T_2009cAsym.nii.gz	L	OK	re:hipp|hip|hc	HIP-head-m1-lh;HIP-head-m2-lh;HIP-head-l-lh;HIP-body-lh;HIP-tail-lh	28;29;32;33;34	690.0	225
expl_hippocampus_R	expl_hippocampus_R	<PROJECT_ROOT>/derivatives/roi_masks_analysis/masks/expl_hippocampus_R.nii.gz	exploratory_context	P3	Tian_or_HCPex	Tian	<PROJECT_ROOT>/derivatives/atlases_external/atlases_for_ds000140/Tian/Tian2020MSA/3T/Subcortex-Only/Tian_Subcortex_S4_3T_2009cAsym.nii.gz	R	OK	re:hipp|hip|hc	HIP-head-m1-rh;HIP-head-m2-rh;HIP-head-l-rh;HIP-body-rh;HIP-tail-rh	1;2;5;6;7	699.0	232
expl_amygdala_L	expl_amygdala_L	<PROJECT_ROOT>/derivatives/roi_masks_analysis/masks/expl_amygdala_L.nii.gz	exploratory_context	P3	Tian_or_HCPex	Tian	<PROJECT_ROOT>/derivatives/atlases_external/atlases_for_ds000140/Tian/Tian2020MSA/3T/Subcortex-Only/Tian_Subcortex_S4_3T_2009cAsym.nii.gz	L	OK	re:amyg|amg|amy	lAMY-lh;mAMY-lh	48;49	395.0	144
expl_amygdala_R	expl_amygdala_R	<PROJECT_ROOT>/derivatives/roi_masks_analysis/masks/expl_amygdala_R.nii.gz	exploratory_context	P3	Tian_or_HCPex	Tian	<PROJECT_ROOT>/derivatives/atlases_external/atlases_for_ds000140/Tian/Tian2020MSA/3T/Subcortex-Only/Tian_Subcortex_S4_3T_2009cAsym.nii.gz	R	OK	re:amyg|amg|amy	lAMY-rh;mAMY-rh	21;22	380.0	137
expl_hypothalamus	expl_hypothalamus	<PROJECT_ROOT>/derivatives/roi_masks_analysis/masks/expl_hypothalamus.nii.gz	exploratory_context	P3	hypothalamus_prob	hypothalamus_prob	<PROJECT_ROOT>/derivatives/atlases_external/atlases_for_ds000140/CANlab/Neuroimaging_Pattern_Masks-master/Atlases_and_parcellations/2020_iglesias_hypothalamus/iglesias_hypothal_hcp278_MNI152NLin2009cAsym_probability_maps.nii.gz		OK		Iglesias_hypothalamus_probability_union		2036.0	89
