subject	run	run_label	fd_mean
sub-01	1	run-01	0.1238630510781418
sub-01	2	run-02	0.1614945554034162
sub-01	3	run-03	0.1988766591101391
sub-01	4	run-04	0.1367230112842614
sub-01	5	run-05	0.2956433723760698
sub-01	6	run-06	0.1968380353656947
sub-01	7	run-07	0.1380519715617009
sub-01	8	run-08	0.105795352561353
sub-01	9	run-09	0.1189472697680673
sub-02	1	run-01	0.162652773612981
sub-02	2	run-02	0.1148755133491545
sub-02	3	run-03	0.1160546655022019
sub-02	4	run-04	0.0975078901686942
sub-02	5	run-05	0.2140687631631673
sub-02	6	run-06	0.1175816251885565
sub-02	7	run-07	0.2682837772608473
sub-02	8	run-08	0.1827778993441239
sub-02	9	run-09	0.224154029553043
sub-03	1	run-01	0.1341858660685287
sub-03	2	run-02	0.1649413756259335
sub-03	3	run-03	0.1373699218395707
sub-03	4	run-04	0.2195462993342629
sub-03	5	run-05	0.1748801864202376
sub-03	6	run-06	0.1978534604258807
sub-03	7	run-07	0.2652091141122344
sub-03	8	run-08	0.2676992522100181
sub-03	9	run-09	0.1802827064455669
sub-04	1	run-01	0.2834626891650417
sub-04	2	run-02	0.2611299759712899
sub-04	3	run-03	0.2515769693589086
sub-04	4	run-04	0.2320778511927774
sub-04	5	run-05	0.3531914006493132
sub-04	6	run-06	0.4061835884233326
sub-04	7	run-07	0.478327725528658
sub-04	8	run-08	0.3164770646689777
sub-04	9	run-09	0.5388392533407746
sub-05	1	run-01	0.1317818906588913
sub-05	2	run-02	0.1183861285963912
sub-05	3	run-03	0.1151747974661275
sub-05	4	run-04	0.1179395107063916
sub-05	5	run-05	0.1128630354726434
sub-05	6	run-06	0.1111051412300517
sub-05	7	run-07	0.1276739963471242
sub-05	8	run-08	0.0944989284041966
sub-05	9	run-09	0.0986317184534385
sub-06	1	run-01	0.3253668270045048
sub-06	2	run-02	0.2565621592231207
sub-06	3	run-03	0.2288872961586764
sub-06	4	run-04	0.2568879451517903
sub-06	5	run-05	0.3425834903609344
sub-06	6	run-06	0.2475274840562817
sub-06	7	run-07	0.3003195488325171
sub-06	8	run-08	0.3373067806940588
sub-06	9	run-09	0.2180267793918119
sub-07	1	run-01	0.1678626715341029
sub-07	2	run-02	0.165801154865017
sub-07	3	run-03	0.2047780051614206
sub-07	4	run-04	0.1522933958148608
sub-07	5	run-05	0.2602858360099915
sub-07	6	run-06	0.2828809814420906
sub-07	7	run-07	0.2130936118112001
sub-07	8	run-08	0.2160744452206097
sub-07	9	run-09	0.2084950138346495
sub-08	1	run-01	0.0760419356121779
sub-08	2	run-02	0.0763401149208142
sub-08	3	run-03	0.0744717681327321
sub-08	4	run-04	0.0812391203422469
sub-08	5	run-05	0.0991907340790464
sub-08	6	run-06	0.096648478225038
sub-08	7	run-07	0.0859917302183162
sub-08	8	run-08	0.1071068588526065
sub-08	9	run-09	0.0967696512329487
sub-09	1	run-01	0.103322154384859
sub-09	2	run-02	0.0933176100529496
sub-09	3	run-03	0.1302991114469154
sub-09	4	run-04	0.1384779681473913
sub-09	5	run-05	0.134898980859249
sub-09	6	run-06	0.167725921058249
sub-09	7	run-07	0.1722051685248528
sub-09	8	run-08	0.2434311824606909
sub-09	9	run-09	0.1474840308257575
sub-10	1	run-01	0.3072720603277836
sub-10	2	run-02	0.398959952513623
sub-10	3	run-03	0.4177688883716662
sub-10	4	run-04	0.3831182197668538
sub-10	5	run-05	0.4470547503686213
sub-10	6	run-06	0.5391336330417416
sub-10	7	run-07	0.3211266206259659
sub-10	8	run-08	0.2648673545367483
sub-10	9	run-09	0.3324687157165947
sub-11	1	run-01	0.0958302892676576
sub-11	2	run-02	0.1071616062646918
sub-11	3	run-03	0.1334368584867082
sub-11	4	run-04	0.1752465642345677
sub-11	5	run-05	0.2244273731553016
sub-11	6	run-06	0.1819379351855183
sub-11	7	run-07	0.1337147554487095
sub-11	8	run-08	0.125225709659995
sub-11	9	run-09	0.1310667107427501
sub-12	1	run-01	0.1859949763722287
sub-12	2	run-02	0.1221831263373388
sub-12	3	run-03	0.1029352965610308
sub-12	4	run-04	0.1963037440050152
sub-12	5	run-05	0.1973278060336199
sub-12	6	run-06	0.1884542510406452
sub-12	7	run-07	0.2695951522920758
sub-12	8	run-08	0.3159631120427906
sub-12	9	run-09	0.1683955663379439
sub-13	1	run-01	0.137453048671823
sub-13	2	run-02	0.1601491042056357
sub-13	3	run-03	0.1577702037003148
sub-13	4	run-04	0.1513609436642832
sub-13	5	run-05	0.1693338228678791
sub-13	6	run-06	0.2099051319362739
sub-13	7	run-07	0.1393036582784949
sub-13	8	run-08	0.1768588957709753
sub-13	9	run-09	0.1674422540924572
sub-14	1	run-01	0.1072330841446928
sub-14	2	run-02	0.093293844940487
sub-14	3	run-03	0.0944876270767915
sub-14	4	run-04	0.0761912767653658
sub-14	5	run-05	0.0904342022528927
sub-14	6	run-06	0.0969973895512073
sub-14	7	run-07	0.1179446581142578
sub-14	8	run-08	0.093377093429734
sub-14	9	run-09	0.1344852938182111
sub-15	1	run-01	0.065464943671645
sub-15	2	run-02	0.0722420432675692
sub-15	3	run-03	0.0813382406451091
sub-15	4	run-04	0.0728127995859119
sub-15	5	run-05	0.0814128005498193
sub-15	6	run-06	0.0774379398289949
sub-15	7	run-07	0.0768463523137297
sub-15	8	run-08	0.0724008048563706
sub-15	9	run-09	0.093391031074678
sub-16	1	run-01	0.1221807598262611
sub-16	2	run-02	0.1176911593300903
sub-16	3	run-03	0.1457355925145239
sub-16	4	run-04	0.1524422064424586
sub-16	5	run-05	0.1553197203676651
sub-16	6	run-06	0.1513368570662753
sub-16	7	run-07	0.1381218467485633
sub-16	8	run-08	0.1066291526357373
sub-16	9	run-09	0.1304941733308472
sub-17	1	run-01	0.0806662222994967
sub-17	2	run-02	0.0871712818544386
sub-17	3	run-03	0.1078755373000173
sub-17	4	run-04	0.1135345960643833
sub-17	5	run-05	0.1225548522807726
sub-17	6	run-06	0.0966468881295577
sub-17	7	run-07	0.0741714707123167
sub-17	8	run-08	0.1006577057294308
sub-17	9	run-09	0.0908200716493823
sub-18	1	run-01	0.0944648205833166
sub-18	2	run-02	0.0884817280947887
sub-18	3	run-03	0.0980220115602342
sub-18	4	run-04	0.0959357830524436
sub-18	5	run-05	0.1233611675145872
sub-18	6	run-06	0.1052990080908457
sub-18	7	run-07	0.1793099480953183
sub-18	8	run-08	0.1255965528704319
sub-18	9	run-09	0.1328810232896611
sub-19	1	run-01	0.1655220628627409
sub-19	2	run-02	0.2011517076404187
sub-19	3	run-03	0.2899733374423591
sub-19	4	run-04	0.2481297706553599
sub-19	5	run-05	0.237831321014751
sub-19	6	run-06	0.1861726607127165
sub-19	7	run-07	0.2184441079683485
sub-19	8	run-08	0.1797335001275819
sub-19	9	run-09	0.2056276009924043
sub-20	1	run-01	0.1659467014211969
sub-20	2	run-02	0.1576795663243104
sub-20	3	run-03	0.1604809885988973
sub-20	4	run-04	0.1288299076400385
sub-20	5	run-05	0.1255567600748579
sub-20	6	run-06	0.1595683935804904
sub-20	7	run-07	0.2005931896039104
sub-20	8	run-08	0.1452605439140041
sub-20	9	run-09	0.1515151687021055
sub-21	1	run-01	0.0976444063348173
sub-21	2	run-02	0.0813744381101368
sub-21	3	run-03	0.0769398712800122
sub-21	4	run-04	0.1000050288031647
sub-21	5	run-05	0.0839157931066518
sub-21	6	run-06	0.1095963622986577
sub-21	7	run-07	0.082316005825311
sub-21	8	run-08	0.0906371851352158
sub-21	9	run-09	0.1121359708022557
sub-22	1	run-01	0.1343079721111037
sub-22	2	run-02	0.0990020809668368
sub-22	3	run-03	0.1084298858407806
sub-22	4	run-04	0.1068413103696492
sub-22	5	run-05	0.1325277069656398
sub-22	6	run-06	0.120789611468622
sub-22	7	run-07	0.1246437562580159
sub-22	8	run-08	0.1482945877761159
sub-22	9	run-09	0.2243134331283376
sub-23	1	run-01	0.234478829613893
sub-23	2	run-02	0.1884453622117225
sub-23	3	run-03	0.1565616995530392
sub-23	4	run-04	0.1739393021044962
sub-23	5	run-05	0.183798636727212
sub-23	6	run-06	0.1706303261600874
sub-23	7	run-07	0.1899990675087305
sub-23	8	run-08	0.172887965202418
sub-23	9	run-09	0.1699851939284184
sub-24	1	run-01	0.1123126586666995
sub-24	2	run-02	0.1181523233102367
sub-24	3	run-03	0.1192372748227039
sub-24	4	run-04	0.1161510257087972
sub-24	5	run-05	0.1287285632298969
sub-24	6	run-06	0.1200256098479021
sub-24	7	run-07	0.1436136022167928
sub-24	8	run-08	0.1130152636386933
sub-24	9	run-09	0.1181477628822584
sub-25	1	run-01	0.257661405516496
sub-25	2	run-02	0.0858370806526778
sub-25	3	run-03	0.1229044852745677
sub-25	4	run-04	0.1180191449901937
sub-25	5	run-05	0.1515930619943046
sub-25	6	run-06	0.1388644154918421
sub-25	7	run-07	0.2606234024316941
sub-25	8	run-08	0.1386995007795705
sub-25	9	run-09	0.1820155371006724
sub-26	1	run-01	0.0943972369880447
sub-26	2	run-02	0.1386496079641734
sub-26	3	run-03	0.1137652045124278
sub-26	4	run-04	0.1824402916410093
sub-26	5	run-05	0.1711904086666058
sub-26	6	run-06	0.1100288896427018
sub-26	7	run-07	0.1197273386544377
sub-26	8	run-08	0.105425136672529
sub-26	9	run-09	0.1069574592329043
sub-27	1	run-01	0.1374679516723336
sub-27	2	run-02	0.1746756143251552
sub-27	3	run-03	0.1541138506005515
sub-27	4	run-04	0.1805643833260383
sub-27	5	run-05	0.2420365002455772
sub-27	6	run-06	0.1833854586951587
sub-27	7	run-07	0.2152135725300343
sub-27	8	run-08	0.1588818278469431
sub-27	9	run-09	0.1661041149720216
sub-28	1	run-01	0.1795800341089864
sub-28	2	run-02	0.1732861162310666
sub-28	3	run-03	0.1799971913738741
sub-28	4	run-04	0.213427130051576
sub-28	5	run-05	0.2032121380548872
sub-28	6	run-06	0.2543239540812712
sub-28	7	run-07	0.2196458688636781
sub-28	8	run-08	0.1913681132206781
sub-28	9	run-09	0.2174444359315142
sub-29	1	run-01	0.2506292370887862
sub-29	2	run-02	0.3462799091273356
sub-29	3	run-03	0.299184017868133
sub-29	4	run-04	0.3513412128718396
sub-29	5	run-05	0.2411821098154553
sub-29	6	run-06	0.2709859518907031
sub-29	7	run-07	0.2163296095914286
sub-29	8	run-08	0.2213081630491514
sub-29	9	run-09	0.2041655198977687
sub-30	1	run-01	0.0855706699486566
sub-30	2	run-02	0.0955682078727776
sub-30	3	run-03	0.1075967581970872
sub-30	4	run-04	0.110975716822161
sub-30	5	run-05	0.1292989898123018
sub-30	6	run-06	0.1709922604614309
sub-30	7	run-07	0.1282320670259683
sub-30	8	run-08	0.0960065403734623
sub-30	9	run-09	0.1672915100469386
sub-31	1	run-01	0.145011856214792
sub-31	2	run-02	0.1475769860178244
sub-31	3	run-03	0.1157048477178108
sub-31	4	run-04	0.1233279869087325
sub-31	5	run-05	0.1156645861208754
sub-31	6	run-06	0.1156484809273322
sub-31	7	run-07	0.112360717397778
sub-31	8	run-08	0.1123562621720015
sub-31	9	run-09	0.1210465398637794
sub-32	1	run-01	0.1380782661862255
sub-32	2	run-02	0.1163633668455071
sub-32	3	run-03	0.1103402700585267
sub-32	4	run-04	0.109159182741802
sub-32	5	run-05	0.1124038507786895
sub-32	6	run-06	0.1106429320457551
sub-32	7	run-07	0.0968954321728001
sub-32	8	run-08	0.1054597843327181
sub-32	9	run-09	0.0940694611011242
sub-33	1	run-01	0.1198680103692302
sub-33	2	run-02	0.1296302346553633
sub-33	3	run-03	0.1113856459586439
sub-33	4	run-04	0.1144352931277565
sub-33	5	run-05	0.1623178134741372
sub-33	6	run-06	0.1187663811460385
sub-33	7	run-07	0.1238387388380148
sub-33	8	run-08	0.0998504085740998
sub-33	9	run-09	0.1268155334766945
