subject	set_name	measure	direct_contrast_nps	paired_condition_nps	contrast	difference_direct_minus_paired	same_sign
sub-01	main	signature_weighted_mean	-0.0115130774189156	-0.0131127108603242	up_minus_passive	0.0015996334414086003	True
sub-02	main	signature_weighted_mean	-0.0322131293797041	-0.0213341493176981	up_minus_passive	-0.010878980062006001	True
sub-03	main	signature_weighted_mean	-0.0023335532744031	-0.0034802229797354	up_minus_passive	0.0011466697053322998	True
sub-04	main	signature_weighted_mean	-0.0109730320398543	-0.0120086646799689	up_minus_passive	0.0010356326401146	True
sub-05	main	signature_weighted_mean	0.0005668785394477	0.0015684504737305	up_minus_passive	-0.0010015719342828001	True
sub-06	main	signature_weighted_mean	0.5909380483068007	-0.0501270123913041	up_minus_passive	0.6410650606981049	False
sub-07	main	signature_weighted_mean	-0.0092332855508997	-0.0059657487950137	up_minus_passive	-0.003267536755886	True
sub-08	main	signature_weighted_mean	-0.0086984556577406	-0.0059344482088275	up_minus_passive	-0.002764007448913101	True
sub-09	main	signature_weighted_mean	-0.0078821499728434	-0.0073399689828679	up_minus_passive	-0.0005421809899754998	True
sub-10	main	signature_weighted_mean	-0.0068962070772222	-0.011010371441498	up_minus_passive	0.0041141643642758	True
sub-11	main	signature_weighted_mean	-0.001120968303469	0.0027368746489853	up_minus_passive	-0.0038578429524543	False
sub-12	main	signature_weighted_mean	0.0014523974425931	0.0016159411836071	up_minus_passive	-0.0001635437410140001	True
sub-13	main	signature_weighted_mean	-0.0016329319441517	-0.0064871762509657	up_minus_passive	0.004854244306814	True
sub-14	main	signature_weighted_mean	-0.001037918929766	0.0003843517146037	up_minus_passive	-0.0014222706443697	False
sub-15	main	signature_weighted_mean	-0.0095190090327741	-0.0034902780836995	up_minus_passive	-0.0060287309490746	True
sub-16	main	signature_weighted_mean	-0.0070331706335264	-0.0094572708222806	up_minus_passive	0.0024241001887542	True
sub-17	main	signature_weighted_mean	-0.0072633896858264	-0.0087261963663695	up_minus_passive	0.001462806680543099	True
sub-18	main	signature_weighted_mean	-0.0131210553820756	-0.009720033125872	up_minus_passive	-0.0034010222562036	True
sub-19	main	signature_weighted_mean	-0.0042072677232886	-0.0074682414942795	up_minus_passive	0.0032609737709909	True
sub-20	main	signature_weighted_mean	-0.0028753992074435	-0.0044303931889939	up_minus_passive	0.0015549939815503997	True
sub-21	main	signature_weighted_mean	-0.0042279410937465	-0.0038003278217028	up_minus_passive	-0.00042761327204369993	True
sub-22	main	signature_weighted_mean	0.0076996865916782	0.0065269028608585	up_minus_passive	0.0011727837308197	True
sub-23	main	signature_weighted_mean	0.0065437382882649	0.0092441588705711	up_minus_passive	-0.0027004205823062	True
sub-24	main	signature_weighted_mean	-0.0020676352470675	-0.0017922708235078	up_minus_passive	-0.00027536442355970006	True
sub-25	main	signature_weighted_mean	-0.0088367040683975	-0.0119972019093923	up_minus_passive	0.0031604978409948	True
sub-26	main	signature_weighted_mean	0.0013585055921157	-0.0032582509664558	up_minus_passive	0.0046167565585714995	False
sub-27	main	signature_weighted_mean	-0.0068471544063452	-0.0031364969534556	up_minus_passive	-0.0037106574528896	True
sub-28	main	signature_weighted_mean	-0.0259857586692408	-0.0274632197209458	up_minus_passive	0.0014774610517050007	True
sub-29	main	signature_weighted_mean	0.0007310506445555	0.0008417934237916	up_minus_passive	-0.00011074277923609995	True
sub-30	main	signature_weighted_mean	-0.0142172266357686	-0.0133921187397089	up_minus_passive	-0.0008251078960597007	True
sub-31	main	signature_weighted_mean	-0.0053800258848675	-0.0055032536449873	up_minus_passive	0.0001232277601198005	True
sub-32	main	signature_weighted_mean	-0.002332581483443	-0.0010465498270148	up_minus_passive	-0.0012860316564281998	True
sub-33	main	signature_weighted_mean	-0.0054576496254699	-0.004192692776581	up_minus_passive	-0.0012649568488889004	True
sub-01	main	signature_dot	-1.07352876663208	-1.22268545627594	up_minus_passive	0.14915668964385986	True
sub-02	main	signature_dot	-3.003690481185913	-1.989287674427033	up_minus_passive	-1.0144028067588802	True
sub-03	main	signature_dot	-0.2175905257463455	-0.3245109319686891	up_minus_passive	0.10692040622234358	True
sub-04	main	signature_dot	-1.0231726169586182	-1.1197394505143166	up_minus_passive	0.0965668335556984	True
sub-05	main	signature_dot	0.0528581887483596	0.1462490558624272	up_minus_passive	-0.0933908671140676	True
sub-06	main	signature_dot	55.101600646972656	-4.674057841300964	up_minus_passive	59.77565848827362	False
sub-07	main	signature_dot	-0.8609511852264404	-0.556272029876709	up_minus_passive	-0.30467915534973145	True
sub-08	main	signature_dot	-0.8110813498497009	-0.5533534288406372	up_minus_passive	-0.2577279210090637	True
sub-09	main	signature_dot	-0.7349655032157898	-0.6844102200120686	up_minus_passive	-0.05055528320372116	True
sub-10	main	signature_dot	-0.6430319547653198	-1.026654303073883	up_minus_passive	0.38362234830856323	True
sub-11	main	signature_dot	-0.1045238971710205	0.2551979422569275	up_minus_passive	-0.359721839427948	False
sub-12	main	signature_dot	0.1354277729988098	0.1506772935390473	up_minus_passive	-0.01524952054023751	True
sub-13	main	signature_dot	-0.1522615849971771	-0.6048921644687653	up_minus_passive	0.45263057947158813	True
sub-14	main	signature_dot	-0.0967800170183181	0.0358386039733886	up_minus_passive	-0.1326186209917067	False
sub-15	main	signature_dot	-0.8875932693481445	-0.3254485130310054	up_minus_passive	-0.5621447563171391	True
sub-16	main	signature_dot	-0.6558030247688293	-0.8818365335464482	up_minus_passive	0.22603350877761885	True
sub-17	main	signature_dot	-0.6772696375846863	-0.8136680126190183	up_minus_passive	0.13639837503433205	True
sub-18	main	signature_dot	-1.223463535308838	-0.9063376188278198	up_minus_passive	-0.31712591648101807	True
sub-19	main	signature_dot	-0.3923037052154541	-0.6963708996772764	up_minus_passive	0.3040671944618223	True
sub-20	main	signature_dot	-0.2681145668029785	-0.4131088815629481	up_minus_passive	0.1449943147599696	True
sub-21	main	signature_dot	-0.394231379032135	-0.3543588817119598	up_minus_passive	-0.039872497320175226	True
sub-22	main	signature_dot	0.7179518342018127	0.6085964441299443	up_minus_passive	0.10935539007186845	True
sub-23	main	signature_dot	0.6101662516593933	0.8619650602340698	up_minus_passive	-0.2517988085746765	True
sub-24	main	signature_dot	-0.1927951872348785	-0.167119026184082	up_minus_passive	-0.02567616105079651	True
sub-25	main	signature_dot	-0.823972225189209	-1.1186706125736237	up_minus_passive	0.2946983873844147	True
sub-26	main	signature_dot	0.1266728937625885	-0.3038133084774017	up_minus_passive	0.4304862022399902	False
sub-27	main	signature_dot	-0.6384580731391907	-0.2924604415893553	up_minus_passive	-0.34599763154983537	True
sub-28	main	signature_dot	-2.423023700714112	-2.5607885122299194	up_minus_passive	0.13776481151580722	True
sub-29	main	signature_dot	0.0681663006544113	0.0784924328327179	up_minus_passive	-0.010326132178306593	True
sub-30	main	signature_dot	-1.3256752490997314	-1.248738646507263	up_minus_passive	-0.07693660259246848	True
sub-31	main	signature_dot	-0.501656711101532	-0.5131469964981079	up_minus_passive	0.011490285396575928	True
sub-32	main	signature_dot	-0.2174999117851257	-0.0975847989320754	up_minus_passive	-0.1199151128530503	True
sub-33	main	signature_dot	-0.508894681930542	-0.3909446746110916	up_minus_passive	-0.11795000731945038	True
sub-01	main	signature_weighted_mean	-0.0175188778727962	-0.0154110941233619	down_minus_passive	-0.002107783749434298	True
sub-02	main	signature_weighted_mean	-0.0036345116144083	-0.0018518215854467	down_minus_passive	-0.0017826900289615998	True
sub-03	main	signature_weighted_mean	-0.0023778324876289	-0.0056861510640159	down_minus_passive	0.003308318576387	True
sub-04	main	signature_weighted_mean	-0.0086833666094842	-0.0030586629058472	down_minus_passive	-0.005624703703637001	True
sub-05	main	signature_weighted_mean	0.0017249164890695	-0.0015447861413241	down_minus_passive	0.0032697026303936	False
sub-06	main	signature_weighted_mean	-0.0125447106302421	-0.0216599832676934	down_minus_passive	0.009115272637451299	True
sub-07	main	signature_weighted_mean	-0.0105121221827605	-0.0037157514848978	down_minus_passive	-0.006796370697862699	True
sub-08	main	signature_weighted_mean	-0.0021202629772386	-0.0043562059943136	down_minus_passive	0.0022359430170750005	True
sub-09	main	signature_weighted_mean	-0.0056337366771981	-0.0084237150437538	down_minus_passive	0.0027899783665556992	True
sub-10	main	signature_weighted_mean	-0.000874463402633	-0.0011505973005346	down_minus_passive	0.0002761338979016	True
sub-11	main	signature_weighted_mean	-0.0036797308168509	-0.0035435325798869	down_minus_passive	-0.00013619823696399977	True
sub-12	main	signature_weighted_mean	0.0015871272060936	0.0011447045493652	down_minus_passive	0.0004424226567284	True
sub-13	main	signature_weighted_mean	0.006567003740514	0.0037081555026725	down_minus_passive	0.0028588482378415	True
sub-14	main	signature_weighted_mean	-0.009987628655215	-0.0113611865398034	down_minus_passive	0.0013735578845884	True
sub-15	main	signature_weighted_mean	-0.0044001457758673	-0.0038555577015535	down_minus_passive	-0.0005445880743138003	True
sub-16	main	signature_weighted_mean	-0.0094487159935233	-0.0113082588504756	down_minus_passive	0.0018595428569522995	True
sub-17	main	signature_weighted_mean	-0.0021148376637536	-3.02893227105e-05	down_minus_passive	-0.0020845483410431	True
sub-18	main	signature_weighted_mean	-2.7516018924838376e-05	0.0036338966741659	down_minus_passive	-0.003661412693090738	False
sub-19	main	signature_weighted_mean	-0.0146444797011319	-0.0188841941518277	down_minus_passive	0.0042397144506958005	True
sub-20	main	signature_weighted_mean	-0.0026306127194004	-0.0121888347399415	down_minus_passive	0.0095582220205411	True
sub-21	main	signature_weighted_mean	0.0026025610248798	0.0068792163166776	down_minus_passive	-0.0042766552917978	True
sub-22	main	signature_weighted_mean	-0.0050700570095885	-0.0073716914016001	down_minus_passive	0.0023016343920115997	True
sub-23	main	signature_weighted_mean	-0.0060555076973233	-0.0026888191785016	down_minus_passive	-0.0033666885188216996	True
sub-24	main	signature_weighted_mean	-0.007388148404242	-0.0020236730924281	down_minus_passive	-0.0053644753118139	True
sub-25	main	signature_weighted_mean	-0.0133805908474718	-0.0120079151016928	down_minus_passive	-0.0013726757457790013	True
sub-26	main	signature_weighted_mean	-0.0056023114409629	-0.0063304175876749	down_minus_passive	0.0007281061467119994	True
sub-27	main	signature_weighted_mean	-0.0066760559135067	-0.0056098735439442	down_minus_passive	-0.0010661823695625001	True
sub-28	main	signature_weighted_mean	0.000460528236174	-0.0013099684610574	down_minus_passive	0.0017704966972314	False
sub-29	main	signature_weighted_mean	0.0035921494550151	0.003128698654612	down_minus_passive	0.00046345080040309993	True
sub-30	main	signature_weighted_mean	-0.0147238338401088	-0.009456141940297	down_minus_passive	-0.005267691899811801	True
sub-31	main	signature_weighted_mean	-0.0128438068250808	-0.0158314590749521	down_minus_passive	0.0029876522498712994	True
sub-32	main	signature_weighted_mean	-0.0004106160392851	0.000190409022759	down_minus_passive	-0.0006010250620441	False
sub-33	main	signature_weighted_mean	0.0067331705660236	0.0116883967541874	down_minus_passive	-0.004955226188163801	True
sub-01	main	signature_dot	-1.633535385131836	-1.436996579170227	down_minus_passive	-0.1965388059616089	True
sub-02	main	signature_dot	-0.3388974666595459	-0.1726717948913578	down_minus_passive	-0.1662256717681881	True
sub-03	main	signature_dot	-0.2217193096876144	-0.5302011370658875	down_minus_passive	0.308481827378273	True
sub-04	main	signature_dot	-0.8096743822097778	-0.2852028608322143	down_minus_passive	-0.5244715213775635	True
sub-05	main	signature_dot	0.1608386188745498	-0.1440424919128418	down_minus_passive	0.3048811107873916	False
sub-06	main	signature_dot	-1.1697226762771606	-2.019669830799103	down_minus_passive	0.8499471545219421	True
sub-07	main	signature_dot	-0.98019540309906	-0.3464726209640503	down_minus_passive	-0.6337227821350097	True
sub-08	main	signature_dot	-0.1977024227380752	-0.406191349029541	down_minus_passive	0.20848892629146581	True
sub-09	main	signature_dot	-0.5253137946128845	-0.7854633554816246	down_minus_passive	0.2601495608687401	True
sub-10	main	signature_dot	-0.0815387219190597	-0.1072866320610046	down_minus_passive	0.0257479101419449	True
sub-11	main	signature_dot	-0.343113899230957	-0.3304141908884048	down_minus_passive	-0.012699708342552185	True
sub-12	main	signature_dot	0.1479905545711517	0.1067371666431427	down_minus_passive	0.041253387928009005	True
sub-13	main	signature_dot	0.6123356223106384	0.3457643389701843	down_minus_passive	0.2665712833404541	True
sub-14	main	signature_dot	-0.9312893748283386	-1.0593658089637756	down_minus_passive	0.128076434135437	True
sub-15	main	signature_dot	-0.4102884829044342	-0.359508752822876	down_minus_passive	-0.05077973008155823	True
sub-16	main	signature_dot	-0.8810388445854187	-1.0544306039810185	down_minus_passive	0.1733917593955998	True
sub-17	main	signature_dot	-0.1971965432167053	-0.0028243064880368	down_minus_passive	-0.1943722367286685	True
sub-18	main	signature_dot	-0.002565711736679	0.338840126991272	down_minus_passive	-0.341405838727951	False
sub-19	main	signature_dot	-1.3655141592025757	-1.7608433365821836	down_minus_passive	0.39532917737960793	True
sub-20	main	signature_dot	-0.2452896237373352	-1.1365392804145813	down_minus_passive	0.8912496566772461	True
sub-21	main	signature_dot	0.2426739633083343	0.6414476633071902	down_minus_passive	-0.39877369999885587	True
sub-22	main	signature_dot	-0.4727538824081421	-0.6873681545257568	down_minus_passive	0.21461427211761475	True
sub-23	main	signature_dot	-0.564641535282135	-0.2507170438766479	down_minus_passive	-0.3139244914054871	True
sub-24	main	signature_dot	-0.6889026761054993	-0.1886959671974182	down_minus_passive	-0.500206708908081	True
sub-25	main	signature_dot	-1.2476637363433838	-1.1196695566177368	down_minus_passive	-0.12799417972564697	True
sub-26	main	signature_dot	-0.5223835706710815	-0.5902753137052058	down_minus_passive	0.06789174303412426	True
sub-27	main	signature_dot	-0.6225041151046753	-0.5230886936187744	down_minus_passive	-0.09941542148590088	True
sub-28	main	signature_dot	0.0429416298866272	-0.1221470832824707	down_minus_passive	0.1650887131690979	False
sub-29	main	signature_dot	0.3349474370479584	0.2917332947254181	down_minus_passive	0.04321414232254028	True
sub-30	main	signature_dot	-1.372913479804993	-0.8817312717437742	down_minus_passive	-0.4911822080612187	True
sub-31	main	signature_dot	-1.197611689567566	-1.4761932119727137	down_minus_passive	0.2785815224051478	True
sub-32	main	signature_dot	-0.0382876023650169	0.017754554748535	down_minus_passive	-0.0560421571135519	False
sub-33	main	signature_dot	0.6278297305107117	1.0898762941360474	down_minus_passive	-0.4620465636253357	True
sub-01	main	signature_weighted_mean	-0.013162567044595	-0.0142619024918431	regulation_mean_minus_passive	0.0010993354472480996	True
sub-02	main	signature_weighted_mean	-0.0175555825180359	-0.0115929854515724	regulation_mean_minus_passive	-0.0059625970664635	True
sub-03	main	signature_weighted_mean	-0.0032377572199149	-0.0045831870218756	regulation_mean_minus_passive	0.0013454298019607	True
sub-04	main	signature_weighted_mean	-0.0077429759556677	-0.007533663792908	regulation_mean_minus_passive	-0.00020931216275970038	True
sub-05	main	signature_weighted_mean	0.0038390307031148	1.183216620315175e-05	regulation_mean_minus_passive	0.0038271985369116484	True
sub-06	main	signature_weighted_mean	0.6021108246992485	-0.0358934978294987	regulation_mean_minus_passive	0.6380043225287472	False
sub-07	main	signature_weighted_mean	-0.0089526004879347	-0.0048407501399557	regulation_mean_minus_passive	-0.004111850347978999	True
sub-08	main	signature_weighted_mean	-0.0063100712238363	-0.0051453271015706	regulation_mean_minus_passive	-0.0011647441222656998	True
sub-09	main	signature_weighted_mean	-0.0059901616669459	-0.0078818420133108	regulation_mean_minus_passive	0.0018916803463649	True
sub-10	main	signature_weighted_mean	-0.0037882946173434	-0.0060804843710163	regulation_mean_minus_passive	0.0022921897536728997	True
sub-11	main	signature_weighted_mean	-0.0032721577569385	-0.0004033289654507	regulation_mean_minus_passive	-0.0028688287914878	True
sub-12	main	signature_weighted_mean	0.0018670944126217	0.0013803228664861	regulation_mean_minus_passive	0.00048677154613560006	True
sub-13	main	signature_weighted_mean	-0.0005957449339049	-0.0013895103741466	regulation_mean_minus_passive	0.0007937654402417001	True
sub-14	main	signature_weighted_mean	-0.0054341872900663	-0.0054884174125998	regulation_mean_minus_passive	5.423012253349957e-05	True
sub-15	main	signature_weighted_mean	-0.0082389700073623	-0.0036729178926265	regulation_mean_minus_passive	-0.0045660521147358	True
sub-16	main	signature_weighted_mean	-0.0075484701012934	-0.0103827648363781	regulation_mean_minus_passive	0.0028342947350847	True
sub-17	main	signature_weighted_mean	-0.004015401893032	-0.00437824284454	regulation_mean_minus_passive	0.0003628409515079997	True
sub-18	main	signature_weighted_mean	-0.0066241650568954	-0.003043068225853	regulation_mean_minus_passive	-0.0035810968310424005	True
sub-19	main	signature_weighted_mean	-0.0146442444641161	-0.0131762178230536	regulation_mean_minus_passive	-0.0014680266410625007	True
sub-20	main	signature_weighted_mean	-0.0029751307529155	-0.0083096139644677	regulation_mean_minus_passive	0.0053344832115522	True
sub-21	main	signature_weighted_mean	0.0014292668680895	0.0015394442474873	regulation_mean_minus_passive	-0.0001101773793978	True
sub-22	main	signature_weighted_mean	0.0010690470833841	-0.0004223942703708	regulation_mean_minus_passive	0.0014914413537549	False
sub-23	main	signature_weighted_mean	0.0025628091653618	0.0032776698460347	regulation_mean_minus_passive	-0.0007148606806729003	True
sub-24	main	signature_weighted_mean	-0.0050169349940302	-0.001907971957968	regulation_mean_minus_passive	-0.0031089630360622003	True
sub-25	main	signature_weighted_mean	-0.0115149580365801	-0.0120025585055425	regulation_mean_minus_passive	0.00048760046896239966	True
sub-26	main	signature_weighted_mean	-0.0012632648043756	-0.0047943342770653	regulation_mean_minus_passive	0.0035310694726897003	True
sub-27	main	signature_weighted_mean	-0.0050758676195715	-0.0043731852486999	regulation_mean_minus_passive	-0.0007026823708716004	True
sub-28	main	signature_weighted_mean	-0.0127738250913374	-0.0143865940910016	regulation_mean_minus_passive	0.0016127689996641992	True
sub-29	main	signature_weighted_mean	0.0019326130353749	0.0019852460392018	regulation_mean_minus_passive	-5.263300382690023e-05	True
sub-30	main	signature_weighted_mean	-0.0113086078706132	-0.0114241303400029	regulation_mean_minus_passive	0.00011552246938970057	True
sub-31	main	signature_weighted_mean	-0.0090027967431087	-0.0106673563599697	regulation_mean_minus_passive	0.0016645596168609993	True
sub-32	main	signature_weighted_mean	-0.0031859587321862	-0.0004280704021278	regulation_mean_minus_passive	-0.0027578883300584003	True
sub-33	main	signature_weighted_mean	-0.0003905240893929	0.0037478519888032	regulation_mean_minus_passive	-0.0041383760781961	False
sub-01	main	signature_dot	-1.2273342609405518	-1.3298410177230835	regulation_mean_minus_passive	0.10250675678253174	True
sub-02	main	signature_dot	-1.6369578838348389	-1.0809797346591954	regulation_mean_minus_passive	-0.5559781491756435	True
sub-03	main	signature_dot	-0.3019023835659027	-0.4273560345172882	regulation_mean_minus_passive	0.1254536509513855	True
sub-04	main	signature_dot	-0.721988320350647	-0.7024711556732655	regulation_mean_minus_passive	-0.019517164677381516	True
sub-05	main	signature_dot	0.3579677045345306	0.0011032819747927	regulation_mean_minus_passive	0.3568644225597379	True
sub-06	main	signature_dot	56.14339828491211	-3.3468638360500336	regulation_mean_minus_passive	59.49026212096214	False
sub-07	main	signature_dot	-0.834778904914856	-0.4513723254203796	regulation_mean_minus_passive	-0.3834065794944764	True
sub-08	main	signature_dot	-0.5883781313896179	-0.4797723889350891	regulation_mean_minus_passive	-0.10860574245452881	True
sub-09	main	signature_dot	-0.5585483908653259	-0.7349367877468466	regulation_mean_minus_passive	0.17638839688152064	True
sub-10	main	signature_dot	-0.3532368540763855	-0.5669704675674438	regulation_mean_minus_passive	0.21373361349105835	True
sub-11	main	signature_dot	-0.3051100373268127	-0.0376081243157386	regulation_mean_minus_passive	-0.26750191301107407	True
sub-12	main	signature_dot	0.1740958988666534	0.128707230091095	regulation_mean_minus_passive	0.04538866877555839	True
sub-13	main	signature_dot	-0.0555498152971267	-0.1295639127492904	regulation_mean_minus_passive	0.07401409745216371	True
sub-14	main	signature_dot	-0.506706953048706	-0.5117636024951935	regulation_mean_minus_passive	0.005056649446487427	True
sub-15	main	signature_dot	-0.7682369351387024	-0.3424786329269409	regulation_mean_minus_passive	-0.4257583022117615	True
sub-16	main	signature_dot	-0.7038517594337463	-0.9681335687637334	regulation_mean_minus_passive	0.264281809329987	True
sub-17	main	signature_dot	-0.3744133114814758	-0.4082461595535276	regulation_mean_minus_passive	0.033832848072051835	True
sub-18	main	signature_dot	-0.6176655888557434	-0.2837487459182739	regulation_mean_minus_passive	-0.3339168429374695	True
sub-19	main	signature_dot	-1.3654922246932983	-1.22860711812973	regulation_mean_minus_passive	-0.13688510656356834	True
sub-20	main	signature_dot	-0.2774139642715454	-0.7748240809887648	regulation_mean_minus_passive	0.49741011671721935	True
sub-21	main	signature_dot	0.1332709789276123	0.1435443907976151	regulation_mean_minus_passive	-0.010273411870002802	True
sub-22	main	signature_dot	0.0996825397014617	-0.0393858551979062	regulation_mean_minus_passive	0.1390683948993679	False
sub-23	main	signature_dot	0.2389673292636871	0.3056240081787109	regulation_mean_minus_passive	-0.06665667891502378	True
sub-24	main	signature_dot	-0.4678005576133728	-0.1779074966907501	regulation_mean_minus_passive	-0.2898930609226227	True
sub-25	main	signature_dot	-1.0737041234970093	-1.1191700845956802	regulation_mean_minus_passive	0.04546596109867096	True
sub-26	main	signature_dot	-0.1177922338247299	-0.4470443110913038	regulation_mean_minus_passive	0.3292520772665739	True
sub-27	main	signature_dot	-0.4732956886291504	-0.4077745676040648	regulation_mean_minus_passive	-0.06552112102508562	True
sub-28	main	signature_dot	-1.1910862922668457	-1.341467797756195	regulation_mean_minus_passive	0.15038150548934937	True
sub-29	main	signature_dot	0.1802051365375518	0.185112863779068	regulation_mean_minus_passive	-0.0049077272415161965	True
sub-30	main	signature_dot	-1.0544631481170654	-1.0652349591255186	regulation_mean_minus_passive	0.010771811008453147	True
sub-31	main	signature_dot	-0.8394594192504883	-0.9946701042354108	regulation_mean_minus_passive	0.15521068498492252	True
sub-32	main	signature_dot	-0.2970724701881408	-0.0399151220917702	regulation_mean_minus_passive	-0.2571573480963706	True
sub-33	main	signature_dot	-0.0364141426980495	0.3494658097624779	regulation_mean_minus_passive	-0.38587995246052736	False
sub-01	main	signature_weighted_mean	0.0027751952702468	0.0022983832630377	up_minus_down	0.00047681200720910014	True
sub-02	main	signature_weighted_mean	-0.0303476563765677	-0.0194823277322513	up_minus_down	-0.010865328644316403	True
sub-03	main	signature_weighted_mean	0.0029947420410317	0.0022059280842805	up_minus_down	0.0007888139567512002	True
sub-04	main	signature_weighted_mean	-0.0039121408334762	-0.0089500017741217	up_minus_down	0.0050378609406455	True
sub-05	main	signature_weighted_mean	-0.0004749440143573	0.0031132366150547	up_minus_down	-0.003588180629412	False
sub-06	main	signature_weighted_mean	0.9545907465040098	-0.0284670291236107	up_minus_down	0.9830577756276204	False
sub-07	main	signature_weighted_mean	-0.0018967050317954	-0.0022499973101159	up_minus_down	0.00035329227832050017	True
sub-08	main	signature_weighted_mean	-0.0026910385886073	-0.0015782422145139	up_minus_down	-0.0011127963740933998	True
sub-09	main	signature_weighted_mean	0.0006882713070171	0.0010837460608858	up_minus_down	-0.00039547475386870015	True
sub-10	main	signature_weighted_mean	-0.0046402297609026	-0.0098597741409633	up_minus_down	0.0052195443800607	True
sub-11	main	signature_weighted_mean	-0.0004775579898109	0.0062804072288723	up_minus_down	-0.0067579652186831995	False
sub-12	main	signature_weighted_mean	0.0002111662922886	0.0004712366342419	up_minus_down	-0.0002600703419533	True
sub-13	main	signature_weighted_mean	-0.0118759842112187	-0.0101953317536383	up_minus_down	-0.0016806524575804001	True
sub-14	main	signature_weighted_mean	0.0100745774979552	0.0117455382544071	up_minus_down	-0.0016709607564519002	True
sub-15	main	signature_weighted_mean	-0.0025682073115285	0.000365279617854	up_minus_down	-0.0029334869293824997	False
sub-16	main	signature_weighted_mean	0.0066963048345666	0.0018509880281949	up_minus_down	0.0048453168063717	True
sub-17	main	signature_weighted_mean	-0.0071469301037595	-0.008695907043659	up_minus_down	0.001548976939899499	True
sub-18	main	signature_weighted_mean	-0.0139455432240448	-0.0133539298000379	up_minus_down	-0.0005916134240069003	True
sub-19	main	signature_weighted_mean	0.0170671563224018	0.0114159526575482	up_minus_down	0.0056512036648536	True
sub-20	main	signature_weighted_mean	0.00934045838469	0.0077584415509476	up_minus_down	0.0015820168337424	True
sub-21	main	signature_weighted_mean	-0.0116347115760994	-0.0106795441383804	up_minus_down	-0.0009551674377189998	True
sub-22	main	signature_weighted_mean	0.0145713708492326	0.0138985942624586	up_minus_down	0.0006727765867739991	True
sub-23	main	signature_weighted_mean	0.0111804752908675	0.0119329780490727	up_minus_down	-0.0007525027582051987	True
sub-24	main	signature_weighted_mean	-0.000780245384527	0.0002314022689202	up_minus_down	-0.0010116476534472	False
sub-25	main	signature_weighted_mean	0.0016301297151623	1.0713192300500045e-05	up_minus_down	0.0016194165228618	True
sub-26	main	signature_weighted_mean	-0.0001372454571845	0.003072166621219	up_minus_down	-0.0032094120784035003	False
sub-27	main	signature_weighted_mean	-0.0024513704233513	0.0024733765904886	up_minus_down	-0.0049247470138399	False
sub-28	main	signature_weighted_mean	-0.0239113159314125	-0.0261532512598883	up_minus_down	0.002241935328475799	True
sub-29	main	signature_weighted_mean	-0.0055153568451435	-0.0022869052308203	up_minus_down	-0.0032284516143232	True
sub-30	main	signature_weighted_mean	-0.0026935424565175	-0.0039359767994118	up_minus_down	0.0012424343428942995	True
sub-31	main	signature_weighted_mean	0.008954715064153	0.0103282054299648	up_minus_down	-0.001373490365811799	True
sub-32	main	signature_weighted_mean	-0.0002456674282942	-0.0012369588497739	up_minus_down	0.0009912914214797	True
sub-33	main	signature_weighted_mean	-0.0193393554043474	-0.0158810895307684	up_minus_down	-0.0034582658735789994	True
sub-01	main	signature_dot	0.2587711215019226	0.2143111228942871	up_minus_down	0.0444599986076355	True
sub-02	main	signature_dot	-2.8297457695007324	-1.816615879535675	up_minus_down	-1.0131298899650574	True
sub-03	main	signature_dot	0.279242604970932	0.2056902050971983	up_minus_down	0.07355239987373371	True
sub-04	main	signature_dot	-0.3647848069667816	-0.8345365896821022	up_minus_down	0.4697517827153206	True
sub-05	main	signature_dot	-0.0442858189344406	0.290291547775269	up_minus_down	-0.3345773667097096	False
sub-06	main	signature_dot	89.01013946533203	-2.6543880105018616	up_minus_down	91.66452747583389	False
sub-07	main	signature_dot	-0.1768569201231002	-0.2097994089126587	up_minus_down	0.032942488789558494	True
sub-08	main	signature_dot	-0.2509239912033081	-0.1471620798110962	up_minus_down	-0.10376191139221191	True
sub-09	main	signature_dot	0.0641773715615272	0.1010531354695559	up_minus_down	-0.0368757639080287	True
sub-10	main	signature_dot	-0.4326749444007873	-0.9193676710128784	up_minus_down	0.4866927266120911	True
sub-11	main	signature_dot	-0.0445295572280883	0.5856121331453323	up_minus_down	-0.6301416903734206	False
sub-12	main	signature_dot	0.0196900516748428	0.0439401268959045	up_minus_down	-0.0242500752210617	True
sub-13	main	signature_dot	-1.107367753982544	-0.9506565034389496	up_minus_down	-0.15671125054359436	True
sub-14	main	signature_dot	0.939396858215332	1.0952044129371643	up_minus_down	-0.15580755472183228	True
sub-15	main	signature_dot	-0.2394706755876541	0.0340602397918705	up_minus_down	-0.2735309153795246	False
sub-16	main	signature_dot	0.6243922114372253	0.1725940704345702	up_minus_down	0.45179814100265514	True
sub-17	main	signature_dot	-0.6664104461669922	-0.8108437061309814	up_minus_down	0.14443325996398926	True
sub-18	main	signature_dot	-1.300342321395874	-1.2451777458190918	up_minus_down	-0.05516457557678223	True
sub-19	main	signature_dot	1.5914149284362793	1.0644724369049072	up_minus_down	0.5269424915313721	True
sub-20	main	signature_dot	0.8709444403648376	0.7234303988516331	up_minus_down	0.14751404151320457	True
sub-21	main	signature_dot	-1.084870457649231	-0.99580654501915	up_minus_down	-0.08906391263008095	True
sub-22	main	signature_dot	1.3586971759796145	1.2959645986557011	up_minus_down	0.06273257732391335	True
sub-23	main	signature_dot	1.042515516281128	1.1126821041107178	up_minus_down	-0.07016658782958984	True
sub-24	main	signature_dot	-0.0727534294128418	0.0215769410133361	up_minus_down	-0.0943303704261779	False
sub-25	main	signature_dot	0.152000293135643	0.0009989440441132	up_minus_down	0.15100134909152982	True
sub-26	main	signature_dot	-0.0127973556518554	0.2864620052278041	up_minus_down	-0.2992593608796595	False
sub-27	main	signature_dot	-0.2285763025283813	0.230628252029419	up_minus_down	-0.4592045545578003	False
sub-28	main	signature_dot	-2.2295937538146973	-2.4386414289474487	up_minus_down	0.20904767513275146	True
sub-29	main	signature_dot	-0.5142755508422852	-0.2132408618927002	up_minus_down	-0.30103468894958496	True
sub-30	main	signature_dot	-0.2511574625968933	-0.3670073747634887	up_minus_down	0.1158499121665954	True
sub-31	main	signature_dot	0.834976077079773	0.9630462154746056	up_minus_down	-0.1280701383948326	True
sub-32	main	signature_dot	-0.0229070857167243	-0.1153393536806104	up_minus_down	0.09243226796388611	True
sub-33	main	signature_dot	-1.8032845258712769	-1.480820968747139	up_minus_down	-0.3224635571241379	True
